policy_name,metric_name,mean_value,ci_lower,ci_upper,sample_count,scenario_name
best_historical_path,realized_next_latency_ms,37.66709506897044,34.5250429350898,40.88043116474067,74,in_distribution
best_historical_path,decision_gap_ms,0.8484787054152687,0.3220279411008752,1.4853334862835412,74,in_distribution
best_historical_path,success_under_budget,0.918918918918919,0.8513513513513513,0.972972972972973,74,in_distribution
best_historical_path,retrospective_best_path_match,0.8378378378378378,0.7567567567567568,0.918918918918919,74,in_distribution
best_historical_path,realized_cumulative_latency_3_ms,113.1289410825045,103.86363002788694,122.76503602627027,72,in_distribution
best_historical_path,cumulative_decision_gap_3_ms,0.8475385838160219,0.2990153904810216,1.5532054618017992,72,in_distribution
best_historical_path,realized_cumulative_latency_5_ms,188.93377588833926,172.8212769688255,205.9896097252648,68,in_distribution
best_historical_path,cumulative_decision_gap_5_ms,0.3341380956587038,0.06063081367152028,0.6917641927404048,68,in_distribution
conformal_uncertainty_selector,realized_next_latency_ms,37.91598596264365,35.03113808726032,41.079137499560794,74,in_distribution
conformal_uncertainty_selector,decision_gap_ms,1.0973695990884762,0.5920574546591101,1.7574626044721022,74,in_distribution
conformal_uncertainty_selector,success_under_budget,0.918918918918919,0.8513513513513513,0.972972972972973,74,in_distribution
conformal_uncertainty_selector,retrospective_best_path_match,0.7297297297297297,0.6216216216216216,0.8243243243243243,74,in_distribution
conformal_uncertainty_selector,realized_cumulative_latency_3_ms,114.4666629466527,105.01431729204346,124.22747648696178,72,in_distribution
conformal_uncertainty_selector,cumulative_decision_gap_3_ms,2.1852604479642155,1.0012474886899747,3.575434969535542,72,in_distribution
conformal_uncertainty_selector,realized_cumulative_latency_5_ms,191.19064349552986,175.5880158323038,207.34665570697916,68,in_distribution
conformal_uncertainty_selector,cumulative_decision_gap_5_ms,2.591005702849319,1.305563033830523,4.129808705935342,68,in_distribution
disagreement_aware_selector,realized_next_latency_ms,37.47151045319494,34.577704495475835,40.62354763269546,74,in_distribution
disagreement_aware_selector,decision_gap_ms,0.6528940896397605,0.23437143380625416,1.2360205141803724,74,in_distribution
disagreement_aware_selector,success_under_budget,0.918918918918919,0.8513513513513513,0.972972972972973,74,in_distribution
disagreement_aware_selector,retrospective_best_path_match,0.8243243243243243,0.7297297297297297,0.9054054054054054,74,in_distribution
disagreement_aware_selector,realized_cumulative_latency_3_ms,112.68963561672061,103.80294718560809,122.08423416028167,72,in_distribution
disagreement_aware_selector,cumulative_decision_gap_3_ms,0.4082331180321231,0.07152648403289558,0.9665517921520028,72,in_distribution
disagreement_aware_selector,realized_cumulative_latency_5_ms,189.9612256344786,174.29661287010447,206.74983582945254,68,in_distribution
disagreement_aware_selector,cumulative_decision_gap_5_ms,1.361587841798052,0.3288366308462066,2.6614929656252686,68,in_distribution
ensemble_uncertainty_selector,realized_next_latency_ms,37.50904953074805,34.62582171656544,40.57523557041421,74,in_distribution
ensemble_uncertainty_selector,decision_gap_ms,0.6904331671928784,0.25042596409002343,1.3087688315266777,74,in_distribution
ensemble_uncertainty_selector,success_under_budget,0.918918918918919,0.8513513513513513,0.972972972972973,74,in_distribution
ensemble_uncertainty_selector,retrospective_best_path_match,0.8378378378378378,0.7567567567567568,0.918918918918919,74,in_distribution
ensemble_uncertainty_selector,realized_cumulative_latency_3_ms,112.83869032667127,103.31343227273987,123.06665357070298,72,in_distribution
ensemble_uncertainty_selector,cumulative_decision_gap_3_ms,0.5572878279827902,0.06379395803024875,1.2132820988280646,72,in_distribution
ensemble_uncertainty_selector,realized_cumulative_latency_5_ms,189.9562481330452,174.21368519113088,206.7611006073646,68,in_distribution
ensemble_uncertainty_selector,cumulative_decision_gap_5_ms,1.3566103403646699,0.4668675121289077,2.523385935148324,68,in_distribution
highest_reply_availability,realized_next_latency_ms,42.312562411341084,38.57057842810499,46.40947839034252,74,in_distribution
highest_reply_availability,decision_gap_ms,5.493946047785907,2.9329826375259485,8.647130027418616,74,in_distribution
highest_reply_availability,success_under_budget,0.8513513513513513,0.7567567567567568,0.918918918918919,74,in_distribution
highest_reply_availability,retrospective_best_path_match,0.5945945945945946,0.4864864864864865,0.7162162162162162,74,in_distribution
highest_reply_availability,realized_cumulative_latency_3_ms,125.95397692956907,115.2295538711093,137.43128148164564,71,in_distribution
highest_reply_availability,cumulative_decision_gap_3_ms,13.196872652118984,6.767130011472878,21.017057791202827,71,in_distribution
highest_reply_availability,realized_cumulative_latency_5_ms,209.3564180725946,192.83847036046208,227.81865786504412,68,in_distribution
highest_reply_availability,cumulative_decision_gap_5_ms,20.75678027991407,10.541006490897363,33.67080867281622,68,in_distribution
predictive_consensus_greedy,realized_next_latency_ms,37.20683580683104,34.237500269503926,40.28563309601285,74,in_distribution
predictive_consensus_greedy,decision_gap_ms,0.38821944327586366,0.14703559213414755,0.6961477927346147,74,in_distribution
predictive_consensus_greedy,success_under_budget,0.918918918918919,0.8513513513513513,0.972972972972973,74,in_distribution
predictive_consensus_greedy,retrospective_best_path_match,0.8378378378378378,0.7567567567567568,0.918918918918919,74,in_distribution
predictive_consensus_greedy,realized_cumulative_latency_3_ms,112.51982585493,103.48222713423515,122.85884993551089,72,in_distribution
predictive_consensus_greedy,cumulative_decision_gap_3_ms,0.23842335624152572,0.06850878764403086,0.4487981102343393,72,in_distribution
predictive_consensus_greedy,realized_cumulative_latency_5_ms,189.85709397183322,174.1214132879096,205.20173156128132,68,in_distribution
predictive_consensus_greedy,cumulative_decision_gap_5_ms,1.2574561791526415,0.3335450810755811,2.524067847357578,68,in_distribution
predictive_graph_greedy,realized_next_latency_ms,37.20683580683104,34.265149138275156,40.54853543665567,74,in_distribution
predictive_graph_greedy,decision_gap_ms,0.38821944327586366,0.15122667985624214,0.6923065311769435,74,in_distribution
predictive_graph_greedy,success_under_budget,0.918918918918919,0.8513513513513513,0.972972972972973,74,in_distribution
predictive_graph_greedy,retrospective_best_path_match,0.8378378378378378,0.7567567567567568,0.918918918918919,74,in_distribution
predictive_graph_greedy,realized_cumulative_latency_3_ms,112.51982585493,102.93811430224034,122.2447171831921,72,in_distribution
predictive_graph_greedy,cumulative_decision_gap_3_ms,0.23842335624152572,0.07246370284264157,0.45440154315378245,72,in_distribution
predictive_graph_greedy,realized_cumulative_latency_5_ms,189.85709397183322,173.61256250141608,206.84821896941733,68,in_distribution
predictive_graph_greedy,cumulative_decision_gap_5_ms,1.2574561791526415,0.30332000018945515,2.535957404904117,68,in_distribution
predictive_greedy,realized_next_latency_ms,37.345793036658144,34.396825783083656,40.56866117642317,74,in_distribution
predictive_greedy,decision_gap_ms,0.5271766731029592,0.17718686331810868,1.0112894452406713,74,in_distribution
predictive_greedy,success_under_budget,0.918918918918919,0.8513513513513513,0.972972972972973,74,in_distribution
predictive_greedy,retrospective_best_path_match,0.8513513513513513,0.7702702702702703,0.918918918918919,74,in_distribution
predictive_greedy,realized_cumulative_latency_3_ms,112.65142277974172,103.65709561483924,122.45880502235931,72,in_distribution
predictive_greedy,cumulative_decision_gap_3_ms,0.37002028105325063,0.08456674448817442,0.7395249412311344,72,in_distribution
predictive_greedy,realized_cumulative_latency_5_ms,189.475311686278,173.8642266019122,206.4230998256,68,in_distribution
predictive_greedy,cumulative_decision_gap_5_ms,0.8756738935974452,0.16957751353621725,1.8936819101276483,68,in_distribution
predictive_simple_fusion_greedy,realized_next_latency_ms,37.203239591221035,34.2721079481354,40.24210830224252,74,in_distribution
predictive_simple_fusion_greedy,decision_gap_ms,0.38462322766586254,0.14274463059862597,0.6926885414290525,74,in_distribution
predictive_simple_fusion_greedy,success_under_budget,0.918918918918919,0.8513513513513513,0.972972972972973,74,in_distribution
predictive_simple_fusion_greedy,retrospective_best_path_match,0.8513513513513513,0.7702702702702703,0.9324324324324325,74,in_distribution
predictive_simple_fusion_greedy,realized_cumulative_latency_3_ms,112.48973098000616,103.09537766387645,121.76359565719228,72,in_distribution
predictive_simple_fusion_greedy,cumulative_decision_gap_3_ms,0.20832848131767376,0.0539673644426938,0.411897062883596,72,in_distribution
predictive_simple_fusion_greedy,realized_cumulative_latency_5_ms,189.6616048255974,173.80841909870463,205.37356606428833,68,in_distribution
predictive_simple_fusion_greedy,cumulative_decision_gap_5_ms,1.061967032916831,0.1818752329698695,2.2509743677084346,68,in_distribution
random,realized_next_latency_ms,42.72665005862073,39.02880353478797,46.66331264412931,74,in_distribution
random,decision_gap_ms,5.90803369506555,3.2119896768599534,9.320335981994967,74,in_distribution
random,success_under_budget,0.8648648648648649,0.7837837837837838,0.9324324324324325,74,in_distribution
random,retrospective_best_path_match,0.581081081081081,0.4594594594594595,0.6891891891891891,74,in_distribution
random,realized_cumulative_latency_3_ms,127.65597996839671,117.34743365558748,138.70217661660803,71,in_distribution
random,cumulative_decision_gap_3_ms,14.898875690946618,8.075471807783474,23.078146549388318,71,in_distribution
random,realized_cumulative_latency_5_ms,213.74952046925824,195.8783853016561,231.3927085411042,69,in_distribution
random,cumulative_decision_gap_5_ms,25.568341577202762,13.480674318682967,38.80584218497622,69,in_distribution
reactive_greedy,realized_next_latency_ms,38.437023737385864,35.48216462843376,41.61546439661989,74,in_distribution
reactive_greedy,decision_gap_ms,1.6184073738306892,0.9137032029523259,2.3276380115173936,74,in_distribution
reactive_greedy,success_under_budget,0.918918918918919,0.8513513513513513,0.972972972972973,74,in_distribution
reactive_greedy,retrospective_best_path_match,0.6891891891891891,0.581081081081081,0.7972972972972973,74,in_distribution
reactive_greedy,realized_cumulative_latency_3_ms,115.66801048194205,106.3093494928576,126.32090722476471,72,in_distribution
reactive_greedy,cumulative_decision_gap_3_ms,3.3866079832535654,1.823487354347303,5.223403012601902,72,in_distribution
reactive_greedy,realized_cumulative_latency_5_ms,192.67899086630752,177.067443163596,209.5014618061525,68,in_distribution
reactive_greedy,cumulative_decision_gap_5_ms,4.079353073626997,2.139247010266072,6.393565096538942,68,in_distribution
best_historical_path,realized_next_latency_ms,41.469066736989916,36.910846476003016,45.87527923681782,28,temporal_shift
best_historical_path,decision_gap_ms,2.5996828519553254,1.3506602402110628,4.300272891320367,28,temporal_shift
best_historical_path,success_under_budget,0.9642857142857143,0.8928571428571429,1.0,28,temporal_shift
best_historical_path,retrospective_best_path_match,0.4642857142857143,0.2857142857142857,0.6428571428571429,28,temporal_shift
best_historical_path,realized_cumulative_latency_3_ms,126.41397275441864,113.57194212897653,138.72836401890638,24,temporal_shift
best_historical_path,cumulative_decision_gap_3_ms,2.754400119091608,1.0708552550390926,4.657305660773926,24,temporal_shift
best_historical_path,realized_cumulative_latency_5_ms,214.30353573027728,191.2222675625128,236.1410471303101,20,temporal_shift
best_historical_path,cumulative_decision_gap_5_ms,2.9035498405816824,0.8716251882116761,5.367718565474142,20,temporal_shift
conformal_uncertainty_selector,realized_next_latency_ms,41.1845081114289,36.991064383136454,45.37721512452186,28,temporal_shift
conformal_uncertainty_selector,decision_gap_ms,2.3151242263943104,1.0272747482972586,3.8543109371465696,28,temporal_shift
conformal_uncertainty_selector,success_under_budget,0.9642857142857143,0.8928571428571429,1.0,28,temporal_shift
conformal_uncertainty_selector,retrospective_best_path_match,0.5,0.32142857142857145,0.6785714285714286,28,temporal_shift
conformal_uncertainty_selector,realized_cumulative_latency_3_ms,126.3012115984164,113.28365898435702,138.61855396991825,23,temporal_shift
conformal_uncertainty_selector,cumulative_decision_gap_3_ms,0.6784652053192176,0.08339108933387251,1.4368981851259859,23,temporal_shift
conformal_uncertainty_selector,realized_cumulative_latency_5_ms,215.01484062304547,191.4173579973924,237.1405756448679,20,temporal_shift
conformal_uncertainty_selector,cumulative_decision_gap_5_ms,3.614854733349877,0.9131269522196291,6.787769308778584,20,temporal_shift
disagreement_aware_selector,realized_next_latency_ms,40.9843784645526,36.447321149641304,45.567994315698655,28,temporal_shift
disagreement_aware_selector,decision_gap_ms,2.1149945795180125,0.6835695577123568,4.051590572071765,28,temporal_shift
disagreement_aware_selector,success_under_budget,0.9285714285714286,0.8214285714285714,1.0,28,temporal_shift
disagreement_aware_selector,retrospective_best_path_match,0.6071428571428571,0.42857142857142855,0.7857142857142857,28,temporal_shift
disagreement_aware_selector,realized_cumulative_latency_3_ms,126.85195838634516,114.01320737523308,139.51366165677447,23,temporal_shift
disagreement_aware_selector,cumulative_decision_gap_3_ms,1.229211993247976,0.20049192644564004,2.7030700628065953,23,temporal_shift
disagreement_aware_selector,realized_cumulative_latency_5_ms,216.34814913276477,190.07298353863786,238.59293855495181,20,temporal_shift
disagreement_aware_selector,cumulative_decision_gap_5_ms,4.948163243069134,0.7367057628904433,10.126170997068511,20,temporal_shift
ensemble_uncertainty_selector,realized_next_latency_ms,40.36989295292704,36.04476952512777,44.747860761460586,28,temporal_shift
ensemble_uncertainty_selector,decision_gap_ms,1.5005090678924486,0.4585606717732724,2.890092043472609,28,temporal_shift
ensemble_uncertainty_selector,success_under_budget,0.9642857142857143,0.8928571428571429,1.0,28,temporal_shift
ensemble_uncertainty_selector,retrospective_best_path_match,0.6428571428571429,0.4642857142857143,0.8214285714285714,28,temporal_shift
ensemble_uncertainty_selector,realized_cumulative_latency_3_ms,126.03434740213443,112.01551908226966,138.4363760801497,23,temporal_shift
ensemble_uncertainty_selector,cumulative_decision_gap_3_ms,0.41160100903725366,0.051810014512623605,0.8841260511239362,23,temporal_shift
ensemble_uncertainty_selector,realized_cumulative_latency_5_ms,214.1716593314358,190.52021827428968,236.29653100479848,20,temporal_shift
ensemble_uncertainty_selector,cumulative_decision_gap_5_ms,2.7716734417401527,0.5682509201979201,5.695176016185211,20,temporal_shift
highest_reply_availability,realized_next_latency_ms,45.833932345563376,41.791805991654634,49.8677780389934,28,temporal_shift
highest_reply_availability,decision_gap_ms,6.9645484605287935,4.284554813992184,9.876832656409185,28,temporal_shift
highest_reply_availability,success_under_budget,0.8928571428571429,0.75,1.0,28,temporal_shift
highest_reply_availability,retrospective_best_path_match,0.21428571428571427,0.07142857142857142,0.3580357142857094,28,temporal_shift
highest_reply_availability,realized_cumulative_latency_3_ms,139.25582971032404,127.31947359830534,149.36115746094333,23,temporal_shift
highest_reply_availability,cumulative_decision_gap_3_ms,13.633083317226914,6.543640095590494,22.875333559742057,23,temporal_shift
highest_reply_availability,realized_cumulative_latency_5_ms,230.41219804516905,211.11317868490875,247.4931615351143,19,temporal_shift
highest_reply_availability,cumulative_decision_gap_5_ms,14.75242761404977,7.103865052549074,23.92085082968827,19,temporal_shift
predictive_consensus_greedy,realized_next_latency_ms,40.67284801103336,36.41095700242119,45.05058975361364,28,temporal_shift
predictive_consensus_greedy,decision_gap_ms,1.8034641259987743,0.5875357717211405,3.4056804526018416,28,temporal_shift
predictive_consensus_greedy,success_under_budget,0.9642857142857143,0.8928571428571429,1.0,28,temporal_shift
predictive_consensus_greedy,retrospective_best_path_match,0.6071428571428571,0.42857142857142855,0.7857142857142857,28,temporal_shift
predictive_consensus_greedy,realized_cumulative_latency_3_ms,126.07077258623987,113.0169538750375,138.54013849007524,23,temporal_shift
predictive_consensus_greedy,cumulative_decision_gap_3_ms,0.44802619314270015,0.0035220646346893454,1.0083847975607125,23,temporal_shift
predictive_consensus_greedy,realized_cumulative_latency_5_ms,214.661139566462,189.27770458899278,238.06506616485498,20,temporal_shift
predictive_consensus_greedy,cumulative_decision_gap_5_ms,3.261153676766388,0.5682509201979201,7.250899041756816,20,temporal_shift
predictive_graph_greedy,realized_next_latency_ms,40.41096311638842,36.35555859756123,44.733528949436824,28,temporal_shift
predictive_graph_greedy,decision_gap_ms,1.5415792313538408,0.5411578922360759,2.9023965511973144,28,temporal_shift
predictive_graph_greedy,success_under_budget,0.9642857142857143,0.8928571428571429,1.0,28,temporal_shift
predictive_graph_greedy,retrospective_best_path_match,0.6428571428571429,0.4642857142857143,0.8214285714285714,28,temporal_shift
predictive_graph_greedy,realized_cumulative_latency_3_ms,126.7128054948108,113.2947721605724,139.00757514045964,23,temporal_shift
predictive_graph_greedy,cumulative_decision_gap_3_ms,1.0900591017135997,0.18821565611767277,2.5008977977981686,23,temporal_shift
predictive_graph_greedy,realized_cumulative_latency_5_ms,218.19015277467295,193.67835981537507,241.39124495198132,19,temporal_shift
predictive_graph_greedy,cumulative_decision_gap_5_ms,2.530382343553755,0.0,6.457812583483674,19,temporal_shift
predictive_greedy,realized_next_latency_ms,41.67280615593676,37.6352419683724,45.78609259573335,28,temporal_shift
predictive_greedy,decision_gap_ms,2.803422270902179,1.3083290276687969,4.538528584024482,28,temporal_shift
predictive_greedy,success_under_budget,0.9642857142857143,0.8928571428571429,1.0,28,temporal_shift
predictive_greedy,retrospective_best_path_match,0.5,0.32142857142857145,0.6785714285714286,28,temporal_shift
predictive_greedy,realized_cumulative_latency_3_ms,126.14711954630437,113.27598543414989,138.1271343379643,23,temporal_shift
predictive_greedy,cumulative_decision_gap_3_ms,0.524373153207194,0.14126958083750815,1.0382797209725272,23,temporal_shift
predictive_greedy,realized_cumulative_latency_5_ms,215.82593637819127,191.16972375556685,239.97536735407147,20,temporal_shift
predictive_greedy,cumulative_decision_gap_5_ms,4.425950488495674,1.0208312229894034,8.89794255638801,20,temporal_shift
predictive_simple_fusion_greedy,realized_next_latency_ms,40.61662403936291,36.42212255755384,44.819517594282765,28,temporal_shift
predictive_simple_fusion_greedy,decision_gap_ms,1.7472401543283236,0.5585817136965753,3.283072705255588,28,temporal_shift
predictive_simple_fusion_greedy,success_under_budget,0.9642857142857143,0.8928571428571429,1.0,28,temporal_shift
predictive_simple_fusion_greedy,retrospective_best_path_match,0.6428571428571429,0.4642857142857143,0.8214285714285714,28,temporal_shift
predictive_simple_fusion_greedy,realized_cumulative_latency_3_ms,126.10849434221373,113.2937604386542,138.57494715540386,23,temporal_shift
predictive_simple_fusion_greedy,cumulative_decision_gap_3_ms,0.4857479491165664,0.044765885243244916,0.9807202175394312,23,temporal_shift
predictive_simple_fusion_greedy,realized_cumulative_latency_5_ms,214.661139566462,191.00029194548284,237.19687133769438,20,temporal_shift
predictive_simple_fusion_greedy,cumulative_decision_gap_5_ms,3.261153676766388,0.489548415669771,7.281251934892211,20,temporal_shift
random,realized_next_latency_ms,43.20267539348872,39.58481170015957,46.70267199142512,28,temporal_shift
random,decision_gap_ms,4.333291508454129,2.4004234596355367,6.526161330477786,28,temporal_shift
random,success_under_budget,0.9642857142857143,0.8928571428571429,1.0,28,temporal_shift
random,retrospective_best_path_match,0.4642857142857143,0.2857142857142857,0.6428571428571429,28,temporal_shift
random,realized_cumulative_latency_3_ms,131.44277946030547,118.81278041367027,142.52072287251062,23,temporal_shift
random,cumulative_decision_gap_3_ms,5.820033067208345,2.37773541759664,9.814261661680197,23,temporal_shift
random,realized_cumulative_latency_5_ms,223.63866535236244,205.79765761926654,241.51915753394331,19,temporal_shift
random,cumulative_decision_gap_5_ms,7.978894921243227,2.508510887936605,15.373088567678824,19,temporal_shift
reactive_greedy,realized_next_latency_ms,43.426592080707046,38.64526032362429,47.98654742499191,28,temporal_shift
reactive_greedy,decision_gap_ms,4.5572081956724615,2.3723356038339007,7.152674855751436,28,temporal_shift
reactive_greedy,success_under_budget,0.8928571428571429,0.75,1.0,28,temporal_shift
reactive_greedy,retrospective_best_path_match,0.32142857142857145,0.14285714285714285,0.5,28,temporal_shift
reactive_greedy,realized_cumulative_latency_3_ms,131.09808911355216,117.03929440586667,144.07306222872614,24,temporal_shift
reactive_greedy,cumulative_decision_gap_3_ms,7.438516478225125,4.042586564470621,11.441579513558656,24,temporal_shift
reactive_greedy,realized_cumulative_latency_5_ms,226.61886775042478,203.49678852197005,248.8790617365784,19,temporal_shift
reactive_greedy,cumulative_decision_gap_5_ms,10.959097319305608,5.60013893276193,17.099387486585673,19,temporal_shift
best_historical_path,realized_next_latency_ms,43.1335910523512,39.89638391326782,46.48013068541364,119,site_holdout
best_historical_path,decision_gap_ms,4.8131907451200435,3.641204243551003,6.046873614462179,119,site_holdout
best_historical_path,success_under_budget,0.7563025210084033,0.680672268907563,0.8319327731092437,119,site_holdout
best_historical_path,retrospective_best_path_match,0.3445378151260504,0.2605042016806723,0.42857142857142855,119,site_holdout
best_historical_path,realized_cumulative_latency_3_ms,129.31704288178963,120.24139212576897,138.54686333075205,115,site_holdout
best_historical_path,cumulative_decision_gap_3_ms,10.154419092640026,7.843326290757174,12.499504258694065,115,site_holdout
best_historical_path,realized_cumulative_latency_5_ms,215.73526739270287,201.10023588802557,232.05612604789118,111,site_holdout
best_historical_path,cumulative_decision_gap_5_ms,14.618653577242357,11.326228960838842,18.41862939034579,111,site_holdout
conformal_uncertainty_selector,realized_next_latency_ms,40.140388127207,37.31925579394303,43.113900053094156,119,site_holdout
conformal_uncertainty_selector,decision_gap_ms,1.8199878199758484,1.1980799598121574,2.5335226623949323,119,site_holdout
conformal_uncertainty_selector,success_under_budget,0.8739495798319328,0.8067226890756303,0.9327731092436975,119,site_holdout
conformal_uncertainty_selector,retrospective_best_path_match,0.6302521008403361,0.5462184873949579,0.7226890756302521,119,site_holdout
conformal_uncertainty_selector,realized_cumulative_latency_3_ms,121.34778407066987,113.52839154000384,129.19113365275678,114,site_holdout
conformal_uncertainty_selector,cumulative_decision_gap_3_ms,1.8285282851822486,1.0139837838174062,2.8196620180583745,114,site_holdout
conformal_uncertainty_selector,realized_cumulative_latency_5_ms,204.37319813569613,191.03154178821725,218.2380592873692,111,site_holdout
conformal_uncertainty_selector,cumulative_decision_gap_5_ms,3.25658432023564,1.9385977266431067,4.803339568641763,111,site_holdout
disagreement_aware_selector,realized_next_latency_ms,39.796049499024036,37.0728613295117,42.624616823290665,119,site_holdout
disagreement_aware_selector,decision_gap_ms,1.4756491917928978,1.0186114938955237,1.9784827566447407,119,site_holdout
disagreement_aware_selector,success_under_budget,0.8991596638655462,0.8403361344537815,0.9495798319327731,119,site_holdout
disagreement_aware_selector,retrospective_best_path_match,0.6218487394957983,0.537605042016807,0.7058823529411765,119,site_holdout
disagreement_aware_selector,realized_cumulative_latency_3_ms,120.24201888546308,112.24830129666506,128.19256323521856,114,site_holdout
disagreement_aware_selector,cumulative_decision_gap_3_ms,0.7227630999754697,0.3578434570444803,1.1424073229726146,114,site_holdout
disagreement_aware_selector,realized_cumulative_latency_5_ms,202.8766629982301,189.80081366093953,215.82314889533512,111,site_holdout
disagreement_aware_selector,cumulative_decision_gap_5_ms,1.760049182769644,0.9874312007184997,2.6142257810246243,111,site_holdout
ensemble_uncertainty_selector,realized_next_latency_ms,39.761187718313536,36.94888924229491,42.68253080921371,119,site_holdout
ensemble_uncertainty_selector,decision_gap_ms,1.4407874110823997,0.9792849540822948,1.9258857583488886,119,site_holdout
ensemble_uncertainty_selector,success_under_budget,0.8991596638655462,0.8403361344537815,0.9495798319327731,119,site_holdout
ensemble_uncertainty_selector,retrospective_best_path_match,0.6218487394957983,0.5294117647058824,0.7058823529411765,119,site_holdout
ensemble_uncertainty_selector,realized_cumulative_latency_3_ms,120.45536014248862,112.5358060698723,128.3373147523805,114,site_holdout
ensemble_uncertainty_selector,cumulative_decision_gap_3_ms,0.9361043570009968,0.5271655950149363,1.4379027434566027,114,site_holdout
ensemble_uncertainty_selector,realized_cumulative_latency_5_ms,202.53955999443951,188.74642506928777,216.1589408175575,111,site_holdout
ensemble_uncertainty_selector,cumulative_decision_gap_5_ms,1.4229461789790347,0.7073026925301513,2.257621174752015,111,site_holdout
highest_reply_availability,realized_next_latency_ms,42.85621665138197,40.024767278975844,46.10293479821082,119,site_holdout
highest_reply_availability,decision_gap_ms,4.535816344150826,3.4267527283458774,5.667501745795627,119,site_holdout
highest_reply_availability,success_under_budget,0.8151260504201681,0.7394957983193278,0.8823529411764706,119,site_holdout
highest_reply_availability,retrospective_best_path_match,0.40336134453781514,0.31932773109243695,0.4957983193277311,119,site_holdout
highest_reply_availability,realized_cumulative_latency_3_ms,127.00682860893106,118.59479788377182,135.7192032176038,114,site_holdout
highest_reply_availability,cumulative_decision_gap_3_ms,7.487572823443433,5.642834270325978,9.465829455688851,114,site_holdout
highest_reply_availability,realized_cumulative_latency_5_ms,211.73257805990102,197.26463977181533,226.68931532572753,110,site_holdout
highest_reply_availability,cumulative_decision_gap_5_ms,9.973668478869477,7.287298519932793,12.944776127870822,110,site_holdout
predictive_consensus_greedy,realized_next_latency_ms,40.00469288466277,37.32767436569383,42.820827010393494,119,site_holdout
predictive_consensus_greedy,decision_gap_ms,1.6842925774316257,1.1282080023774332,2.3097906290721384,119,site_holdout
predictive_consensus_greedy,success_under_budget,0.8907563025210085,0.8319327731092437,0.9411764705882353,119,site_holdout
predictive_consensus_greedy,retrospective_best_path_match,0.6218487394957983,0.5294117647058824,0.7058823529411765,119,site_holdout
predictive_consensus_greedy,realized_cumulative_latency_3_ms,120.06003580792562,111.99044278505464,128.0573493135641,114,site_holdout
predictive_consensus_greedy,cumulative_decision_gap_3_ms,0.5407800224379989,0.2452561487785793,0.9211465765267781,114,site_holdout
predictive_consensus_greedy,realized_cumulative_latency_5_ms,202.8802453240011,188.55577290229076,216.98122011693025,111,site_holdout
predictive_consensus_greedy,cumulative_decision_gap_5_ms,1.7636315085406589,0.9375928709764269,2.721093313267856,111,site_holdout
predictive_graph_greedy,realized_next_latency_ms,40.74036673457865,37.94017955267114,43.80691716192915,119,site_holdout
predictive_graph_greedy,decision_gap_ms,2.4199664273474992,1.5709238772286995,3.413859056116764,119,site_holdout
predictive_graph_greedy,success_under_budget,0.8571428571428571,0.7983193277310925,0.9159663865546218,119,site_holdout
predictive_graph_greedy,retrospective_best_path_match,0.5798319327731093,0.48739495798319327,0.6722689075630253,119,site_holdout
predictive_graph_greedy,realized_cumulative_latency_3_ms,121.50347339192653,113.34288722276754,129.8535930919476,114,site_holdout
predictive_graph_greedy,cumulative_decision_gap_3_ms,1.984217606438907,1.0710153984051578,3.083702056759021,114,site_holdout
predictive_graph_greedy,realized_cumulative_latency_5_ms,205.52820174896038,191.66007952477946,218.8296619140628,110,site_holdout
predictive_graph_greedy,cumulative_decision_gap_5_ms,3.7692921679288496,2.413666164354166,5.371814953012192,110,site_holdout
predictive_greedy,realized_next_latency_ms,39.940607116179415,37.19346412502022,42.6520690763951,119,site_holdout
predictive_greedy,decision_gap_ms,1.6202068089482735,1.0518023773213188,2.273451514485507,119,site_holdout
predictive_greedy,success_under_budget,0.8907563025210085,0.8319327731092437,0.9411764705882353,119,site_holdout
predictive_greedy,retrospective_best_path_match,0.6134453781512605,0.5294117647058824,0.6974789915966386,119,site_holdout
predictive_greedy,realized_cumulative_latency_3_ms,120.1123367933329,112.3863217107223,128.18959794738805,114,site_holdout
predictive_greedy,cumulative_decision_gap_3_ms,0.5930810078452894,0.2873661469579115,1.0078156248547419,114,site_holdout
predictive_greedy,realized_cumulative_latency_5_ms,202.6509321843841,189.32615133830248,216.1011079518795,111,site_holdout
predictive_greedy,cumulative_decision_gap_5_ms,1.5343183689236375,0.7701515128645052,2.536798980429766,111,site_holdout
predictive_simple_fusion_greedy,realized_next_latency_ms,39.89974119326517,37.2246299956103,42.76472331321895,119,site_holdout
predictive_simple_fusion_greedy,decision_gap_ms,1.5793408860340294,1.049435380363065,2.1887067861483795,119,site_holdout
predictive_simple_fusion_greedy,success_under_budget,0.8907563025210085,0.8319327731092437,0.9411764705882353,119,site_holdout
predictive_simple_fusion_greedy,retrospective_best_path_match,0.6134453781512605,0.5210084033613446,0.6974789915966386,119,site_holdout
predictive_simple_fusion_greedy,realized_cumulative_latency_3_ms,120.24012692343055,112.47165771772067,128.4455335051425,114,site_holdout
predictive_simple_fusion_greedy,cumulative_decision_gap_3_ms,0.7208711379429364,0.34487968595772733,1.1524439162001832,114,site_holdout
predictive_simple_fusion_greedy,realized_cumulative_latency_5_ms,202.99868154331216,189.36225589614847,215.98806457741819,111,site_holdout
predictive_simple_fusion_greedy,cumulative_decision_gap_5_ms,1.8820677278517182,0.9491840452802386,2.9249844880818143,111,site_holdout
random,realized_next_latency_ms,43.96429623712116,41.01368022051396,46.89457767510928,119,site_holdout
random,decision_gap_ms,5.643895929890019,3.7470821951580184,7.722160289320059,119,site_holdout
random,success_under_budget,0.8319327731092437,0.7647058823529411,0.8907563025210085,119,site_holdout
random,retrospective_best_path_match,0.4789915966386555,0.3865546218487395,0.5630252100840336,119,site_holdout
random,realized_cumulative_latency_3_ms,132.87119779753206,124.76002861250986,141.18643646189875,115,site_holdout
random,cumulative_decision_gap_3_ms,12.699547488419512,8.254319157494034,17.683871677295212,115,site_holdout
random,realized_cumulative_latency_5_ms,221.4502970487239,206.87830101765886,235.66185141150478,111,site_holdout
random,cumulative_decision_gap_5_ms,18.723292104485548,11.453272325713712,26.88640650263163,111,site_holdout
reactive_greedy,realized_next_latency_ms,41.925901517975596,38.97408866885828,44.93344885795678,119,site_holdout
reactive_greedy,decision_gap_ms,3.6055012107444404,2.627563072077809,4.629408274888998,119,site_holdout
reactive_greedy,success_under_budget,0.8403361344537815,0.773109243697479,0.8991596638655462,119,site_holdout
reactive_greedy,retrospective_best_path_match,0.44537815126050423,0.36134453781512604,0.5294117647058824,119,site_holdout
reactive_greedy,realized_cumulative_latency_3_ms,125.9339770688387,117.56727932549744,134.37835835465958,115,site_holdout
reactive_greedy,cumulative_decision_gap_3_ms,6.771353279689113,5.176915021016628,8.570490954021999,115,site_holdout
reactive_greedy,realized_cumulative_latency_5_ms,211.76066321020986,197.83685550104764,225.21011344552014,110,site_holdout
reactive_greedy,cumulative_decision_gap_5_ms,10.001753629178364,7.327545228783696,12.821980301845487,110,site_holdout
best_historical_path,realized_next_latency_ms,46.28249149281792,41.02393359641352,51.418981662912024,28,operational_mild
best_historical_path,decision_gap_ms,4.873280557993128,2.4770875386960736,7.679594189763726,28,operational_mild
best_historical_path,success_under_budget,0.8214285714285714,0.6785714285714286,0.9285714285714286,28,operational_mild
best_historical_path,retrospective_best_path_match,0.35714285714285715,0.17857142857142858,0.5357142857142857,28,operational_mild
best_historical_path,realized_cumulative_latency_3_ms,126.41397275441864,113.57194212897653,138.72836401890638,24,operational_mild
best_historical_path,cumulative_decision_gap_3_ms,2.754400119091608,1.0708552550390926,4.657305660773926,24,operational_mild
best_historical_path,realized_cumulative_latency_5_ms,214.30353573027728,191.2222675625128,236.1410471303101,20,operational_mild
best_historical_path,cumulative_decision_gap_5_ms,2.9035498405816824,0.8716251882116761,5.367718565474142,20,operational_mild
conformal_uncertainty_selector,realized_next_latency_ms,44.46935890906184,39.576100708290014,49.41215448602456,28,operational_mild
conformal_uncertainty_selector,decision_gap_ms,3.060147974237059,0.9240939111985811,5.645410232444048,28,operational_mild
conformal_uncertainty_selector,success_under_budget,0.8571428571428571,0.7142857142857143,0.9642857142857143,28,operational_mild
conformal_uncertainty_selector,retrospective_best_path_match,0.5357142857142857,0.35714285714285715,0.7142857142857143,28,operational_mild
conformal_uncertainty_selector,realized_cumulative_latency_3_ms,126.91820107271866,113.6206736257515,139.44709686210302,23,operational_mild
conformal_uncertainty_selector,cumulative_decision_gap_3_ms,1.2954546796214756,0.31247869692506247,2.729670227553285,23,operational_mild
conformal_uncertainty_selector,realized_cumulative_latency_5_ms,215.82337004113748,190.35477973374634,238.47351249452848,20,operational_mild
conformal_uncertainty_selector,cumulative_decision_gap_5_ms,4.423384151441864,1.0182648859355936,8.539973479343047,20,operational_mild
disagreement_aware_selector,realized_next_latency_ms,44.72921644947986,39.408421185278925,49.82466803242946,28,operational_mild
disagreement_aware_selector,decision_gap_ms,3.3200055146550795,1.3167706048498988,5.939307861213113,28,operational_mild
disagreement_aware_selector,success_under_budget,0.8214285714285714,0.6785714285714286,0.9285714285714286,28,operational_mild
disagreement_aware_selector,retrospective_best_path_match,0.5714285714285714,0.39285714285714285,0.75,28,operational_mild
disagreement_aware_selector,realized_cumulative_latency_3_ms,126.85195838634516,114.01320737523308,139.51366165677447,23,operational_mild
disagreement_aware_selector,cumulative_decision_gap_3_ms,1.229211993247976,0.20049192644564004,2.7030700628065953,23,operational_mild
disagreement_aware_selector,realized_cumulative_latency_5_ms,216.34814913276477,190.07298353863786,238.59293855495181,20,operational_mild
disagreement_aware_selector,cumulative_decision_gap_5_ms,4.948163243069134,0.7367057628904433,10.126170997068511,20,operational_mild
ensemble_uncertainty_selector,realized_next_latency_ms,43.58811907845891,38.41992137470756,48.7533173078028,28,operational_mild
ensemble_uncertainty_selector,decision_gap_ms,2.178908143634129,0.46499629798716147,4.581227364858848,28,operational_mild
ensemble_uncertainty_selector,success_under_budget,0.8571428571428571,0.7142857142857143,0.9642857142857143,28,operational_mild
ensemble_uncertainty_selector,retrospective_best_path_match,0.6428571428571429,0.4642857142857143,0.8214285714285714,28,operational_mild
ensemble_uncertainty_selector,realized_cumulative_latency_3_ms,126.44189703907064,112.61502594241813,138.80461718353385,23,operational_mild
ensemble_uncertainty_selector,cumulative_decision_gap_3_ms,0.8191506459734871,0.21409447626731262,1.5733939380722977,23,operational_mild
ensemble_uncertainty_selector,realized_cumulative_latency_5_ms,216.37273450138872,191.68651188234455,239.05886516823404,20,operational_mild
ensemble_uncertainty_selector,cumulative_decision_gap_5_ms,4.972748611693082,1.4271512762377736,9.944432075759195,20,operational_mild
highest_reply_availability,realized_next_latency_ms,46.05391815230131,41.65734566530167,50.16530280131499,28,operational_mild
highest_reply_availability,decision_gap_ms,4.644707217476524,2.0008182630888585,7.648962261168377,28,operational_mild
highest_reply_availability,success_under_budget,0.8928571428571429,0.75,1.0,28,operational_mild
highest_reply_availability,retrospective_best_path_match,0.4642857142857143,0.2857142857142857,0.6428571428571429,28,operational_mild
highest_reply_availability,realized_cumulative_latency_3_ms,136.4830875323801,124.69844062525662,146.76678176113228,24,operational_mild
highest_reply_availability,cumulative_decision_gap_3_ms,12.823514897053078,7.6015746846851675,19.469724862913914,24,operational_mild
highest_reply_availability,realized_cumulative_latency_5_ms,229.84891000144222,210.5727082560543,247.73732636794074,19,operational_mild
highest_reply_availability,cumulative_decision_gap_5_ms,14.189139570322967,7.101351966507306,22.310720982269864,19,operational_mild
predictive_consensus_greedy,realized_next_latency_ms,46.40901962799345,40.647118985768564,52.76393324801644,28,operational_mild
predictive_consensus_greedy,decision_gap_ms,4.999808693168672,1.9039262609269885,8.828846549324595,28,operational_mild
predictive_consensus_greedy,success_under_budget,0.7857142857142857,0.6071428571428571,0.9285714285714286,28,operational_mild
predictive_consensus_greedy,retrospective_best_path_match,0.4642857142857143,0.2857142857142857,0.6428571428571429,28,operational_mild
predictive_consensus_greedy,realized_cumulative_latency_3_ms,126.07077258623987,113.14702226056997,138.57651729412532,23,operational_mild
predictive_consensus_greedy,cumulative_decision_gap_3_ms,0.44802619314270015,0.0035220646346893454,1.0210750128171282,23,operational_mild
predictive_consensus_greedy,realized_cumulative_latency_5_ms,214.661139566462,189.17922000678456,238.1204776688815,20,operational_mild
predictive_consensus_greedy,cumulative_decision_gap_5_ms,3.261153676766388,0.5682509201979201,7.293548097317385,20,operational_mild
predictive_graph_greedy,realized_next_latency_ms,47.26704368380501,41.58055764248599,53.3106340948828,28,operational_mild
predictive_graph_greedy,decision_gap_ms,5.857832748980226,2.678736362573376,9.757219752091538,28,operational_mild
predictive_graph_greedy,success_under_budget,0.75,0.5714285714285714,0.8928571428571429,28,operational_mild
predictive_graph_greedy,retrospective_best_path_match,0.4642857142857143,0.2857142857142857,0.6428571428571429,28,operational_mild
predictive_graph_greedy,realized_cumulative_latency_3_ms,127.72818927970665,114.35821028809244,140.06988541520593,23,operational_mild
predictive_graph_greedy,cumulative_decision_gap_3_ms,2.1054428866094783,0.5949765343819201,4.0410136888569115,23,operational_mild
predictive_graph_greedy,realized_cumulative_latency_5_ms,218.86174618013146,195.880528523192,241.40966328673767,19,operational_mild
predictive_graph_greedy,cumulative_decision_gap_5_ms,3.201975749012276,0.30867185514479223,7.233292333894667,19,operational_mild
predictive_greedy,realized_next_latency_ms,45.82025775520392,41.43763387304417,50.610650927441746,28,operational_mild
predictive_greedy,decision_gap_ms,4.411046820379142,1.9471312962815226,7.443813936863723,28,operational_mild
predictive_greedy,success_under_budget,0.8571428571428571,0.7142857142857143,0.9642857142857143,28,operational_mild
predictive_greedy,retrospective_best_path_match,0.4642857142857143,0.2857142857142857,0.6428571428571429,28,operational_mild
predictive_greedy,realized_cumulative_latency_3_ms,126.14711954630437,112.65729264046983,138.14938804940041,23,operational_mild
predictive_greedy,cumulative_decision_gap_3_ms,0.524373153207194,0.14126958083750815,1.0361880380529556,23,operational_mild
predictive_greedy,realized_cumulative_latency_5_ms,215.82593637819127,190.98145857868036,240.38681041800544,20,operational_mild
predictive_greedy,cumulative_decision_gap_5_ms,4.425950488495674,1.0207083712370677,8.803336300665146,20,operational_mild
predictive_simple_fusion_greedy,realized_next_latency_ms,44.851599641405734,39.67357288658619,50.16023651866389,28,operational_mild
predictive_simple_fusion_greedy,decision_gap_ms,3.4423887065809557,1.283845821173654,6.092782071551503,28,operational_mild
predictive_simple_fusion_greedy,success_under_budget,0.8214285714285714,0.6785714285714286,0.9642857142857143,28,operational_mild
predictive_simple_fusion_greedy,retrospective_best_path_match,0.5,0.32142857142857145,0.6785714285714286,28,operational_mild
predictive_simple_fusion_greedy,realized_cumulative_latency_3_ms,126.07077258623987,113.02053788030477,138.8268088659397,23,operational_mild
predictive_simple_fusion_greedy,cumulative_decision_gap_3_ms,0.44802619314270015,0.007044129269378691,0.9110455176092777,23,operational_mild
predictive_simple_fusion_greedy,realized_cumulative_latency_5_ms,214.661139566462,190.58397447309977,237.88815411138813,20,operational_mild
predictive_simple_fusion_greedy,cumulative_decision_gap_5_ms,3.261153676766388,0.5682509201979201,7.276349608259971,20,operational_mild
random,realized_next_latency_ms,49.94947278117241,45.590681835806635,54.3185302749965,28,operational_mild
random,decision_gap_ms,8.540261846347628,5.0606565111647255,12.587590786784961,28,operational_mild
random,success_under_budget,0.75,0.5714285714285714,0.8928571428571429,28,operational_mild
random,retrospective_best_path_match,0.32142857142857145,0.14285714285714285,0.5,28,operational_mild
random,realized_cumulative_latency_3_ms,131.44277946030547,118.89662020212283,142.5481371729072,23,operational_mild
random,cumulative_decision_gap_3_ms,5.820033067208345,2.6054849629522727,9.847268422667396,23,operational_mild
random,realized_cumulative_latency_5_ms,223.63866535236244,204.85387229244398,241.0585942822806,19,operational_mild
random,cumulative_decision_gap_5_ms,7.978894921243227,2.344062269460012,15.397072511415233,19,operational_mild
reactive_greedy,realized_next_latency_ms,44.532087274461105,38.79177839100387,50.01181663906757,28,operational_mild
reactive_greedy,decision_gap_ms,3.1228763396363313,1.1011968551997577,5.734492394216317,28,operational_mild
reactive_greedy,success_under_budget,0.8214285714285714,0.6785714285714286,0.9642857142857143,28,operational_mild
reactive_greedy,retrospective_best_path_match,0.5,0.32142857142857145,0.6785714285714286,28,operational_mild
reactive_greedy,realized_cumulative_latency_3_ms,130.87878666593997,116.05932939265641,144.65777918172745,24,operational_mild
reactive_greedy,cumulative_decision_gap_3_ms,7.2192140306129415,3.7494963491154674,11.285591408715273,24,operational_mild
reactive_greedy,realized_cumulative_latency_5_ms,227.67009195162882,203.10856545523356,252.3879883596963,19,operational_mild
reactive_greedy,cumulative_decision_gap_5_ms,12.010321520509589,5.9763209411951115,18.4754376899058,19,operational_mild
best_historical_path,realized_next_latency_ms,58.65781739541165,49.581078297393155,67.20266580032977,28,operational_moderate
best_historical_path,decision_gap_ms,13.918452786271786,8.455230665451195,19.493239153847224,28,operational_moderate
best_historical_path,success_under_budget,0.5714285714285714,0.39285714285714285,0.75,28,operational_moderate
best_historical_path,retrospective_best_path_match,0.32142857142857145,0.17857142857142858,0.5,28,operational_moderate
best_historical_path,realized_cumulative_latency_3_ms,126.41397275441864,113.57194212897653,138.72836401890638,24,operational_moderate
best_historical_path,cumulative_decision_gap_3_ms,2.754400119091608,1.0708552550390926,4.657305660773926,24,operational_moderate
best_historical_path,realized_cumulative_latency_5_ms,214.30353573027728,191.2222675625128,236.1410471303101,20,operational_moderate
best_historical_path,cumulative_decision_gap_5_ms,2.9035498405816824,0.8716251882116761,5.367718565474142,20,operational_moderate
conformal_uncertainty_selector,realized_next_latency_ms,50.290434221875906,42.360428145659924,58.39414068493991,28,operational_moderate
conformal_uncertainty_selector,decision_gap_ms,5.551069612736043,2.166237919929083,10.095748370561392,28,operational_moderate
conformal_uncertainty_selector,success_under_budget,0.7142857142857143,0.5357142857142857,0.8928571428571429,28,operational_moderate
conformal_uncertainty_selector,retrospective_best_path_match,0.5714285714285714,0.39285714285714285,0.75,28,operational_moderate
conformal_uncertainty_selector,realized_cumulative_latency_3_ms,126.45971999337057,113.2334175363829,139.18931185789498,23,operational_moderate
conformal_uncertainty_selector,cumulative_decision_gap_3_ms,0.8369736002733742,0.27901709704032696,1.467991209290438,23,operational_moderate
conformal_uncertainty_selector,realized_cumulative_latency_5_ms,217.797071404593,191.78252811782636,242.25580876635166,20,operational_moderate
conformal_uncertainty_selector,cumulative_decision_gap_5_ms,6.3970855148973795,1.7524387380001039,12.041933525818095,20,operational_moderate
disagreement_aware_selector,realized_next_latency_ms,52.07680742158424,44.37857118645461,60.05764424263128,28,operational_moderate
disagreement_aware_selector,decision_gap_ms,7.337442812444372,3.2459457790883732,12.21638400144847,28,operational_moderate
disagreement_aware_selector,success_under_budget,0.7142857142857143,0.5357142857142857,0.8928571428571429,28,operational_moderate
disagreement_aware_selector,retrospective_best_path_match,0.5357142857142857,0.35714285714285715,0.7142857142857143,28,operational_moderate
disagreement_aware_selector,realized_cumulative_latency_3_ms,126.4433922707422,114.26903194363005,138.9040755297081,23,operational_moderate
disagreement_aware_selector,cumulative_decision_gap_3_ms,0.8206458776450181,0.0788775249665547,1.9129086026166762,23,operational_moderate
disagreement_aware_selector,realized_cumulative_latency_5_ms,214.99247819242197,189.74300538478542,236.8606197554973,20,operational_moderate
disagreement_aware_selector,cumulative_decision_gap_5_ms,3.592492302726356,0.4476662326980431,7.530235139241715,20,operational_moderate
ensemble_uncertainty_selector,realized_next_latency_ms,48.40557743358206,41.44106600633659,55.73228451496455,28,operational_moderate
ensemble_uncertainty_selector,decision_gap_ms,3.666212824442205,1.1197401641897415,6.956188912230566,28,operational_moderate
ensemble_uncertainty_selector,success_under_budget,0.7857142857142857,0.6428571428571429,0.9285714285714286,28,operational_moderate
ensemble_uncertainty_selector,retrospective_best_path_match,0.6071428571428571,0.42857142857142855,0.7857142857142857,28,operational_moderate
ensemble_uncertainty_selector,realized_cumulative_latency_3_ms,126.99594858797639,112.8154213953483,139.58419462164542,23,operational_moderate
ensemble_uncertainty_selector,cumulative_decision_gap_3_ms,1.3732021948792283,0.29038643583217705,3.1269442281400144,23,operational_moderate
ensemble_uncertainty_selector,realized_cumulative_latency_5_ms,217.6078595593151,191.97514045482964,241.22751651442186,20,operational_moderate
ensemble_uncertainty_selector,cumulative_decision_gap_5_ms,6.207873669619476,1.9084745665151173,11.606775095270677,20,operational_moderate
highest_reply_availability,realized_next_latency_ms,50.34294620690988,43.992579817972754,57.27353831263645,28,operational_moderate
highest_reply_availability,decision_gap_ms,5.603581597770004,2.954300736431546,8.48355513813063,28,operational_moderate
highest_reply_availability,success_under_budget,0.8214285714285714,0.6785714285714286,0.9642857142857143,28,operational_moderate
highest_reply_availability,retrospective_best_path_match,0.5,0.32142857142857145,0.6785714285714286,28,operational_moderate
highest_reply_availability,realized_cumulative_latency_3_ms,135.90897324727598,124.42077763258406,146.22975863152504,24,operational_moderate
highest_reply_availability,cumulative_decision_gap_3_ms,12.249400611948943,6.766587094942221,18.772514296736833,24,operational_moderate
highest_reply_availability,realized_cumulative_latency_5_ms,230.56740895893063,209.28422087384237,248.98200454077968,20,operational_moderate
highest_reply_availability,cumulative_decision_gap_5_ms,19.167423069235,10.748774283356205,29.404167840769595,20,operational_moderate
predictive_consensus_greedy,realized_next_latency_ms,51.913440989753006,44.061348374987844,60.16856718406657,28,operational_moderate
predictive_consensus_greedy,decision_gap_ms,7.17407638061314,2.7126674448829298,11.977641979971821,28,operational_moderate
predictive_consensus_greedy,success_under_budget,0.7142857142857143,0.5714285714285714,0.8571428571428571,28,operational_moderate
predictive_consensus_greedy,retrospective_best_path_match,0.5714285714285714,0.39285714285714285,0.75,28,operational_moderate
predictive_consensus_greedy,realized_cumulative_latency_3_ms,126.10849434221373,112.65191547360682,138.7645845185598,23,operational_moderate
predictive_consensus_greedy,cumulative_decision_gap_3_ms,0.4857479491165664,0.044765885243244916,1.0372554097769386,23,operational_moderate
predictive_consensus_greedy,realized_cumulative_latency_5_ms,214.661139566462,189.2795155455079,238.06321335517123,20,operational_moderate
predictive_consensus_greedy,cumulative_decision_gap_5_ms,3.261153676766388,0.5682509201979201,7.32081652712821,20,operational_moderate
predictive_graph_greedy,realized_next_latency_ms,52.40557472141934,44.45359492586371,60.975900621033496,28,operational_moderate
predictive_graph_greedy,decision_gap_ms,7.666210112279473,3.5547270839018097,12.839615079809404,28,operational_moderate
predictive_graph_greedy,success_under_budget,0.6785714285714286,0.5,0.8571428571428571,28,operational_moderate
predictive_graph_greedy,retrospective_best_path_match,0.4642857142857143,0.2857142857142857,0.6428571428571429,28,operational_moderate
predictive_graph_greedy,realized_cumulative_latency_3_ms,127.60201312556447,114.88039439985903,139.04523917409196,23,operational_moderate
predictive_graph_greedy,cumulative_decision_gap_3_ms,1.979266732467288,0.591120916849391,3.7832789202276724,23,operational_moderate
predictive_graph_greedy,realized_cumulative_latency_5_ms,215.98879329945535,191.98549946601034,238.17555410628887,20,operational_moderate
predictive_graph_greedy,cumulative_decision_gap_5_ms,4.588807409759762,0.9045036162513285,9.069687398706733,20,operational_moderate
predictive_greedy,realized_next_latency_ms,51.80174446526358,44.6751805749674,59.59979966291044,28,operational_moderate
predictive_greedy,decision_gap_ms,7.062379856123718,2.7516366464706685,11.8868566310565,28,operational_moderate
predictive_greedy,success_under_budget,0.7142857142857143,0.5357142857142857,0.8571428571428571,28,operational_moderate
predictive_greedy,retrospective_best_path_match,0.5714285714285714,0.39285714285714285,0.75,28,operational_moderate
predictive_greedy,realized_cumulative_latency_3_ms,126.14711954630437,112.70480828889448,138.47939913287047,23,operational_moderate
predictive_greedy,cumulative_decision_gap_3_ms,0.524373153207194,0.08691315396856186,1.0209222930618964,23,operational_moderate
predictive_greedy,realized_cumulative_latency_5_ms,215.82593637819127,190.43938715024953,240.38681041800544,20,operational_moderate
predictive_greedy,cumulative_decision_gap_5_ms,4.425950488495674,1.033711639719506,8.693413934846117,20,operational_moderate
predictive_simple_fusion_greedy,realized_next_latency_ms,51.221059732923216,43.60827688770868,58.44097216696462,28,operational_moderate
predictive_simple_fusion_greedy,decision_gap_ms,6.481695123783354,2.621485847787585,11.156782492972937,28,operational_moderate
predictive_simple_fusion_greedy,success_under_budget,0.75,0.5714285714285714,0.8928571428571429,28,operational_moderate
predictive_simple_fusion_greedy,retrospective_best_path_match,0.5714285714285714,0.39285714285714285,0.75,28,operational_moderate
predictive_simple_fusion_greedy,realized_cumulative_latency_3_ms,126.18484130227823,113.45558206677048,138.54048601196257,23,operational_moderate
predictive_simple_fusion_greedy,cumulative_decision_gap_3_ms,0.5620949091810602,0.14126958083750815,1.0785281177968409,23,operational_moderate
predictive_simple_fusion_greedy,realized_cumulative_latency_5_ms,215.82593637819127,191.25455122039665,238.49421138905112,20,operational_moderate
predictive_simple_fusion_greedy,cumulative_decision_gap_5_ms,4.425950488495674,1.1719084639850852,8.794289729735459,20,operational_moderate
random,realized_next_latency_ms,63.171715009480444,56.1561661767962,69.95597555637289,28,operational_moderate
random,decision_gap_ms,18.432350400340578,12.436012882863185,25.029140584137913,28,operational_moderate
random,success_under_budget,0.39285714285714285,0.21428571428571427,0.5714285714285714,28,operational_moderate
random,retrospective_best_path_match,0.32142857142857145,0.14285714285714285,0.5,28,operational_moderate
random,realized_cumulative_latency_3_ms,131.44277946030547,119.6212994940616,142.47666403515387,23,operational_moderate
random,cumulative_decision_gap_3_ms,5.820033067208345,2.548208841160795,9.910175589348007,23,operational_moderate
random,realized_cumulative_latency_5_ms,223.63866535236244,203.6536827381186,241.20667074875098,19,operational_moderate
random,cumulative_decision_gap_5_ms,7.978894921243227,2.3813457153679254,14.955767071918618,19,operational_moderate
reactive_greedy,realized_next_latency_ms,47.927994033861914,40.94801655871124,54.92177153229746,28,operational_moderate
reactive_greedy,decision_gap_ms,3.1886294247220413,1.0396979226887675,5.810382166414631,28,operational_moderate
reactive_greedy,success_under_budget,0.8214285714285714,0.6785714285714286,0.9642857142857143,28,operational_moderate
reactive_greedy,retrospective_best_path_match,0.6428571428571429,0.4642857142857143,0.8214285714285714,28,operational_moderate
reactive_greedy,realized_cumulative_latency_3_ms,130.80323796997465,116.3210973677184,144.87398382001075,24,operational_moderate
reactive_greedy,cumulative_decision_gap_3_ms,7.143665334647612,3.608699425894893,11.322164750545902,24,operational_moderate
reactive_greedy,realized_cumulative_latency_5_ms,227.25508659134454,201.7644775236828,251.1478313880548,19,operational_moderate
reactive_greedy,cumulative_decision_gap_5_ms,11.59531616022534,5.7521115107175635,18.090410213017964,19,operational_moderate
best_historical_path,realized_next_latency_ms,77.05303169118973,66.93689498148896,87.07415690492628,28,operational_severe
best_historical_path,decision_gap_ms,24.635309502485462,14.668527588860066,34.644983779010715,28,operational_severe
best_historical_path,success_under_budget,0.32142857142857145,0.14285714285714285,0.5,28,operational_severe
best_historical_path,retrospective_best_path_match,0.42857142857142855,0.25,0.6071428571428571,28,operational_severe
best_historical_path,realized_cumulative_latency_3_ms,126.41397275441864,113.57194212897653,138.72836401890638,24,operational_severe
best_historical_path,cumulative_decision_gap_3_ms,2.754400119091608,1.0708552550390926,4.657305660773926,24,operational_severe
best_historical_path,realized_cumulative_latency_5_ms,214.30353573027728,191.2222675625128,236.1410471303101,20,operational_severe
best_historical_path,cumulative_decision_gap_5_ms,2.9035498405816824,0.8716251882116761,5.367718565474142,20,operational_severe
conformal_uncertainty_selector,realized_next_latency_ms,65.09687273781289,53.879660586452765,76.60313739147328,28,operational_severe
conformal_uncertainty_selector,decision_gap_ms,12.679150549108636,5.62894897684933,21.007607352697356,28,operational_severe
conformal_uncertainty_selector,success_under_budget,0.5357142857142857,0.35714285714285715,0.7142857142857143,28,operational_severe
conformal_uncertainty_selector,retrospective_best_path_match,0.5714285714285714,0.39285714285714285,0.75,28,operational_severe
conformal_uncertainty_selector,realized_cumulative_latency_3_ms,127.01770032051203,113.8444303711987,139.7731071477225,23,operational_severe
conformal_uncertainty_selector,cumulative_decision_gap_3_ms,1.3949539274148512,0.502229133890157,2.4601954007484785,23,operational_severe
conformal_uncertainty_selector,realized_cumulative_latency_5_ms,219.26296746051375,193.96801922460097,243.23266330057734,20,operational_severe
conformal_uncertainty_selector,cumulative_decision_gap_5_ms,7.86298157081818,2.9458164442729626,13.406872092088891,20,operational_severe
disagreement_aware_selector,realized_next_latency_ms,64.38338769543542,52.5303146412606,75.79248188800061,28,operational_severe
disagreement_aware_selector,decision_gap_ms,11.965665506731167,4.211260900475882,20.899059832336217,28,operational_severe
disagreement_aware_selector,success_under_budget,0.5357142857142857,0.35714285714285715,0.7142857142857143,28,operational_severe
disagreement_aware_selector,retrospective_best_path_match,0.6785714285714286,0.5,0.8571428571428571,28,operational_severe
disagreement_aware_selector,realized_cumulative_latency_3_ms,126.66145447276742,114.16521415383292,139.22956745942952,23,operational_severe
disagreement_aware_selector,cumulative_decision_gap_3_ms,1.0387080796702515,0.39662260325168575,1.7348177448103508,23,operational_severe
disagreement_aware_selector,realized_cumulative_latency_5_ms,216.32778830888736,190.70698096301865,238.37058432603214,20,operational_severe
disagreement_aware_selector,cumulative_decision_gap_5_ms,4.927802419191781,0.8546012615841747,10.268229518284217,20,operational_severe
ensemble_uncertainty_selector,realized_next_latency_ms,55.45940532488578,45.75544223170679,66.2479994516611,28,operational_severe
ensemble_uncertainty_selector,decision_gap_ms,3.0416831361815317,0.5344941116020893,7.107413562768184,28,operational_severe
ensemble_uncertainty_selector,success_under_budget,0.7142857142857143,0.5357142857142857,0.8928571428571429,28,operational_severe
ensemble_uncertainty_selector,retrospective_best_path_match,0.7857142857142857,0.6071428571428571,0.9285714285714286,28,operational_severe
ensemble_uncertainty_selector,realized_cumulative_latency_3_ms,129.83918232228888,116.0706179782323,142.3863057006811,23,operational_severe
ensemble_uncertainty_selector,cumulative_decision_gap_3_ms,4.216435929191711,1.903452525096292,6.757182018481703,23,operational_severe
ensemble_uncertainty_selector,realized_cumulative_latency_5_ms,220.27651107669917,195.56317760370587,243.63297882754134,20,operational_severe
ensemble_uncertainty_selector,cumulative_decision_gap_5_ms,8.876525187003532,3.9977153217900594,14.578615115841036,20,operational_severe
highest_reply_availability,realized_next_latency_ms,58.54350579878615,48.88367178113117,69.13089029716326,28,operational_severe
highest_reply_availability,decision_gap_ms,6.12578361008189,1.8510725586953696,12.778281237013157,28,operational_severe
highest_reply_availability,success_under_budget,0.6785714285714286,0.5,0.8571428571428571,28,operational_severe
highest_reply_availability,retrospective_best_path_match,0.5714285714285714,0.39285714285714285,0.75,28,operational_severe
highest_reply_availability,realized_cumulative_latency_3_ms,138.0212113818715,125.17217999399688,149.04086630762265,23,operational_severe
highest_reply_availability,cumulative_decision_gap_3_ms,12.398464988774316,7.280201664861781,18.488736041236844,23,operational_severe
highest_reply_availability,realized_cumulative_latency_5_ms,234.02338359626197,214.99382634350516,250.92781402287642,19,operational_severe
highest_reply_availability,cumulative_decision_gap_5_ms,18.36361316514275,7.544431419579022,32.41420246159883,19,operational_severe
predictive_consensus_greedy,realized_next_latency_ms,65.77042273577668,54.27996226752688,78.19622171024783,28,operational_severe
predictive_consensus_greedy,decision_gap_ms,13.352700547072427,5.784238794398746,21.809824053098126,28,operational_severe
predictive_consensus_greedy,success_under_budget,0.5,0.32142857142857145,0.6785714285714286,28,operational_severe
predictive_consensus_greedy,retrospective_best_path_match,0.6428571428571429,0.4642857142857143,0.8214285714285714,28,operational_severe
predictive_consensus_greedy,realized_cumulative_latency_3_ms,126.47841763683763,113.4959107269158,138.94089380864904,23,operational_severe
predictive_consensus_greedy,cumulative_decision_gap_3_ms,0.8556712437404507,0.2788973036635558,1.5543072267228588,23,operational_severe
predictive_consensus_greedy,realized_cumulative_latency_5_ms,216.91383371590888,191.03793703579785,241.75920787708063,20,operational_severe
predictive_consensus_greedy,cumulative_decision_gap_5_ms,5.513847826213244,1.4229108751080854,10.814211482928863,20,operational_severe
predictive_graph_greedy,realized_next_latency_ms,64.00531016457113,52.321399045464695,76.55908758820516,28,operational_severe
predictive_graph_greedy,decision_gap_ms,11.587587975866885,4.189995992350286,20.101520353112047,28,operational_severe
predictive_graph_greedy,success_under_budget,0.5357142857142857,0.35714285714285715,0.7142857142857143,28,operational_severe
predictive_graph_greedy,retrospective_best_path_match,0.6428571428571429,0.4642857142857143,0.8214285714285714,28,operational_severe
predictive_graph_greedy,realized_cumulative_latency_3_ms,126.76900774493456,113.62556095581331,138.85077906529315,23,operational_severe
predictive_graph_greedy,cumulative_decision_gap_3_ms,1.1462613518374085,0.4075340446405067,1.9876474679234561,23,operational_severe
predictive_graph_greedy,realized_cumulative_latency_5_ms,218.24652611190967,194.7748162993585,240.74972176353606,20,operational_severe
predictive_graph_greedy,cumulative_decision_gap_5_ms,6.846540222214054,2.190346378638835,12.49569606266333,20,operational_severe
predictive_greedy,realized_next_latency_ms,66.38036997591924,55.77714918852418,77.8267430511609,28,operational_severe
predictive_greedy,decision_gap_ms,13.962647787214987,6.497337169456511,22.509232909751496,28,operational_severe
predictive_greedy,success_under_budget,0.5357142857142857,0.35714285714285715,0.7142857142857143,28,operational_severe
predictive_greedy,retrospective_best_path_match,0.5357142857142857,0.35714285714285715,0.7142857142857143,28,operational_severe
predictive_greedy,realized_cumulative_latency_3_ms,126.82768653635459,113.50328068698688,138.66879103334423,23,operational_severe
predictive_greedy,cumulative_decision_gap_3_ms,1.2049401432574123,0.3794505578108025,2.260191033017925,23,operational_severe
predictive_greedy,realized_cumulative_latency_5_ms,217.29183243411208,192.95427785781166,241.5182733095357,20,operational_severe
predictive_greedy,cumulative_decision_gap_5_ms,5.891846544416474,2.0673889629961084,10.151175995427808,20,operational_severe
predictive_simple_fusion_greedy,realized_next_latency_ms,66.1866642202124,54.52341849929478,77.70027226212841,28,operational_severe
predictive_simple_fusion_greedy,decision_gap_ms,13.76894203150817,5.884582975791224,22.368304913890626,28,operational_severe
predictive_simple_fusion_greedy,success_under_budget,0.5,0.32142857142857145,0.6785714285714286,28,operational_severe
predictive_simple_fusion_greedy,retrospective_best_path_match,0.6071428571428571,0.42857142857142855,0.7857142857142857,28,operational_severe
predictive_simple_fusion_greedy,realized_cumulative_latency_3_ms,126.47841763683763,113.45211749848771,139.09693709126307,23,operational_severe
predictive_simple_fusion_greedy,cumulative_decision_gap_3_ms,0.8556712437404507,0.2553530224141776,1.523165291190273,23,operational_severe
predictive_simple_fusion_greedy,realized_cumulative_latency_5_ms,216.91383371590888,191.8181723706335,240.48494358193983,20,operational_severe
predictive_simple_fusion_greedy,cumulative_decision_gap_5_ms,5.513847826213244,1.4658669602072916,10.829763466666213,20,operational_severe
random,realized_next_latency_ms,74.95766061523193,64.48613645109826,85.47400334470869,28,operational_severe
random,decision_gap_ms,22.539938426527677,12.868420841033512,32.091990853505955,28,operational_severe
random,success_under_budget,0.39285714285714285,0.21428571428571427,0.5714285714285714,28,operational_severe
random,retrospective_best_path_match,0.39285714285714285,0.21428571428571427,0.5714285714285714,28,operational_severe
random,realized_cumulative_latency_3_ms,131.44277946030547,118.89662020212283,142.5481371729072,23,operational_severe
random,cumulative_decision_gap_3_ms,5.820033067208345,2.6054849629522727,9.847268422667396,23,operational_severe
random,realized_cumulative_latency_5_ms,223.63866535236244,204.85387229244398,241.0585942822806,19,operational_severe
random,cumulative_decision_gap_5_ms,7.978894921243227,2.344062269460012,15.397072511415233,19,operational_severe
reactive_greedy,realized_next_latency_ms,55.375710774516065,45.6468201557034,66.68004155999678,28,operational_severe
reactive_greedy,decision_gap_ms,2.9579885858117954,0.8304154270259368,5.88311573384761,28,operational_severe
reactive_greedy,success_under_budget,0.7142857142857143,0.5357142857142857,0.8571428571428571,28,operational_severe
reactive_greedy,retrospective_best_path_match,0.6785714285714286,0.5,0.8571428571428571,28,operational_severe
reactive_greedy,realized_cumulative_latency_3_ms,135.36088244708,121.29046096132103,148.29692720825602,23,operational_severe
reactive_greedy,cumulative_decision_gap_3_ms,9.738136053982855,6.177425018434624,13.663647144674895,23,operational_severe
reactive_greedy,realized_cumulative_latency_5_ms,224.6438689012257,200.3779796961354,248.77998759034458,20,operational_severe
reactive_greedy,cumulative_decision_gap_5_ms,13.243883011530079,7.202787896895625,19.91713544511729,20,operational_severe
