policy_name,decision_count,mean_realized_latency_ms,mean_decision_gap_ms,retrospective_best_path_match_rate,success_rate_under_60ms,p95_realized_latency_ms,cvar95_realized_latency_ms,mean_decision_time_us,switch_rate,scenario_name
random,74,42.72665005862073,5.90803369506555,0.581081081081081,0.8648648648648649,76.05085868434237,92.70615646776628,274.9988513513514,0.8243243243243243,in_distribution
best_historical_path,74,37.66709506897044,0.8484787054152687,0.8378378378378378,0.918918918918919,64.0193334228696,72.86559383289513,261.1261486486486,0.7837837837837838,in_distribution
highest_reply_availability,74,42.312562411341084,5.493946047785907,0.5945945945945946,0.8513513513513513,79.31814672508615,92.70615646776628,289.13960810810806,0.8108108108108109,in_distribution
reactive_greedy,74,38.437023737385864,1.6184073738306892,0.6891891891891891,0.918918918918919,65.30078424122563,74.96857565431532,814.4003783783785,0.7972972972972973,in_distribution
predictive_greedy,74,37.345793036658144,0.5271766731029592,0.8513513513513513,0.918918918918919,64.0193334228696,72.86559383289513,253.75616216216213,0.8108108108108109,in_distribution
predictive_graph_greedy,74,37.20683580683104,0.38821944327586366,0.8378378378378378,0.918918918918919,64.0193334228696,72.86559383289513,275.91671621621623,0.8243243243243243,in_distribution
predictive_simple_fusion_greedy,74,37.203239591221035,0.38462322766586254,0.8513513513513513,0.918918918918919,64.0193334228696,72.86559383289513,334.0562837837837,0.8243243243243243,in_distribution
predictive_consensus_greedy,74,37.20683580683104,0.38821944327586366,0.8378378378378378,0.918918918918919,64.0193334228696,72.86559383289513,268.90087837837837,0.8243243243243243,in_distribution
ensemble_uncertainty_selector,74,37.50904953074805,0.6904331671928784,0.8378378378378378,0.918918918918919,64.0193334228696,72.86559383289513,285.977,0.8108108108108109,in_distribution
conformal_uncertainty_selector,74,37.91598596264365,1.0973695990884762,0.7297297297297297,0.918918918918919,64.0193334228696,72.86559383289513,241.67225675675675,0.8108108108108109,in_distribution
disagreement_aware_selector,74,37.47151045319494,0.6528940896397605,0.8243243243243243,0.918918918918919,64.0193334228696,72.86559383289513,233.64641891891895,0.8108108108108109,in_distribution
random,28,43.20267539348872,4.333291508454129,0.4642857142857143,0.9642857142857143,57.07585033961099,59.38279438294873,308.5908214285714,0.32142857142857145,temporal_shift
best_historical_path,28,41.469066736989916,2.5996828519553254,0.4642857142857143,0.9642857142857143,57.07585033961099,59.38279438294873,427.4092142857143,0.07142857142857142,temporal_shift
highest_reply_availability,28,45.833932345563376,6.9645484605287935,0.21428571428571427,0.8928571428571429,64.25816033357098,67.37094853616422,440.85407142857144,0.75,temporal_shift
reactive_greedy,28,43.426592080707046,4.5572081956724615,0.32142857142857145,0.8928571428571429,61.9088248020949,65.56376735810568,325.0313928571428,0.7142857142857143,temporal_shift
predictive_greedy,28,41.67280615593676,2.803422270902179,0.5,0.9642857142857143,57.606523569995474,59.791004560167565,278.55357142857144,0.5,temporal_shift
predictive_graph_greedy,28,40.41096311638842,1.5415792313538408,0.6428571428571429,0.9642857142857143,57.606523569995474,59.791004560167565,342.3124285714287,0.4642857142857143,temporal_shift
predictive_simple_fusion_greedy,28,40.61662403936291,1.7472401543283236,0.6428571428571429,0.9642857142857143,57.606523569995474,59.791004560167565,378.93467857142866,0.4642857142857143,temporal_shift
predictive_consensus_greedy,28,40.67284801103336,1.8034641259987743,0.6071428571428571,0.9642857142857143,57.606523569995474,59.791004560167565,261.6086071428571,0.5,temporal_shift
ensemble_uncertainty_selector,28,40.36989295292704,1.5005090678924486,0.6428571428571429,0.9642857142857143,57.07585033961099,59.38279438294873,295.14725,0.35714285714285715,temporal_shift
conformal_uncertainty_selector,28,41.1845081114289,2.3151242263943104,0.5,0.9642857142857143,57.07585033961099,59.38279438294873,294.54325,0.35714285714285715,temporal_shift
disagreement_aware_selector,28,40.9843784645526,2.1149945795180125,0.6071428571428571,0.9285714285714286,60.025767845255565,63.40786537439175,403.18003571428574,0.5,temporal_shift
random,119,43.96429623712116,5.643895929890019,0.4789915966386555,0.8319327731092437,72.1585947114305,77.66709456020388,321.8927394957983,0.18487394957983194,site_holdout
best_historical_path,119,43.1335910523512,4.8131907451200435,0.3445378151260504,0.7563025210084033,72.77792008346441,75.90312118170614,247.36272268907564,0.008403361344537815,site_holdout
highest_reply_availability,119,42.85621665138197,4.535816344150826,0.40336134453781514,0.8151260504201681,72.10028798300142,76.98026720264768,302.21076470588235,0.5042016806722689,site_holdout
reactive_greedy,119,41.925901517975596,3.6055012107444404,0.44537815126050423,0.8403361344537815,71.26037254901959,74.81031103835214,366.7997647058824,0.5714285714285714,site_holdout
predictive_greedy,119,39.940607116179415,1.6202068089482735,0.6134453781512605,0.8907563025210085,68.86153368478764,73.5084370275444,263.1317058823529,0.3277310924369748,site_holdout
predictive_graph_greedy,119,40.74036673457865,2.4199664273474992,0.5798319327731093,0.8571428571428571,71.03966278807214,76.74854654601229,258.6656554621849,0.42016806722689076,site_holdout
predictive_simple_fusion_greedy,119,39.89974119326517,1.5793408860340294,0.6134453781512605,0.8907563025210085,67.06941781790769,72.47098014667351,251.49646218487396,0.31092436974789917,site_holdout
predictive_consensus_greedy,119,40.00469288466277,1.6842925774316257,0.6218487394957983,0.8907563025210085,68.86153368478764,73.5084370275444,253.4180924369748,0.29411764705882354,site_holdout
ensemble_uncertainty_selector,119,39.761187718313536,1.4407874110823997,0.6218487394957983,0.8991596638655462,68.86153368478764,73.5084370275444,252.72515966386555,0.33613445378151263,site_holdout
conformal_uncertainty_selector,119,40.140388127207,1.8199878199758484,0.6302521008403361,0.8739495798319328,68.86153368478764,73.5084370275444,257.0683193277311,0.37815126050420167,site_holdout
disagreement_aware_selector,119,39.796049499024036,1.4756491917928978,0.6218487394957983,0.8991596638655462,68.86153368478764,73.5084370275444,263.42116806722686,0.2773109243697479,site_holdout
random,28,49.94947278117241,8.540261846347628,0.32142857142857145,0.75,66.87940067505481,70.47012764682077,271.90624999999994,0.32142857142857145,operational_mild
best_historical_path,28,46.28249149281792,4.873280557993128,0.35714285714285715,0.8214285714285714,66.87940067505481,70.47012764682077,290.39875,0.07142857142857142,operational_mild
highest_reply_availability,28,46.05391815230131,4.644707217476524,0.4642857142857143,0.8928571428571429,64.25816033357098,67.37094853616422,299.24264285714287,0.6785714285714286,operational_mild
reactive_greedy,28,44.532087274461105,3.1228763396363313,0.5,0.8214285714285714,65.64611555152038,67.37094853616422,246.15474999999998,0.6785714285714286,operational_mild
predictive_greedy,28,45.82025775520392,4.411046820379142,0.4642857142857143,0.8571428571428571,66.87940067505481,70.47012764682077,344.80203571428575,0.5,operational_mild
predictive_graph_greedy,28,47.26704368380501,5.857832748980226,0.4642857142857143,0.75,71.16930285081587,79.36923564229691,359.5804285714285,0.5,operational_mild
predictive_simple_fusion_greedy,28,44.851599641405734,3.4423887065809557,0.5,0.8214285714285714,66.87940067505481,70.47012764682077,334.89432142857135,0.5,operational_mild
predictive_consensus_greedy,28,46.40901962799345,4.999808693168672,0.4642857142857143,0.7857142857142857,71.16930285081587,79.36923564229691,281.09824999999995,0.5714285714285714,operational_mild
ensemble_uncertainty_selector,28,43.58811907845891,2.178908143634129,0.6428571428571429,0.8571428571428571,65.64611555152038,69.52144678256352,272.04760714285715,0.42857142857142855,operational_mild
conformal_uncertainty_selector,28,44.46935890906184,3.060147974237059,0.5357142857142857,0.8571428571428571,66.87940067505481,70.47012764682077,269.2543928571428,0.4642857142857143,operational_mild
disagreement_aware_selector,28,44.72921644947986,3.3200055146550795,0.5714285714285714,0.8214285714285714,65.64611555152038,69.52144678256352,277.869,0.5,operational_mild
random,28,63.171715009480444,18.432350400340578,0.32142857142857145,0.39285714285714285,90.76684880895525,91.38762922498083,262.10267857142856,0.32142857142857145,operational_moderate
best_historical_path,28,58.65781739541165,13.918452786271786,0.32142857142857145,0.5714285714285714,90.76684880895525,91.38762922498083,272.59075000000007,0.07142857142857142,operational_moderate
highest_reply_availability,28,50.34294620690988,5.603581597770004,0.5,0.8214285714285714,86.41292158654521,96.56039903163666,248.37203571428572,0.6785714285714286,operational_moderate
reactive_greedy,28,47.927994033861914,3.1886294247220413,0.6428571428571429,0.8214285714285714,85.75577611254127,96.56039903163666,241.6696785714286,0.4642857142857143,operational_moderate
predictive_greedy,28,51.80174446526358,7.062379856123718,0.5714285714285714,0.7142857142857143,88.367326663229,90.50401143840621,273.5252857142857,0.5,operational_moderate
predictive_graph_greedy,28,52.40557472141934,7.666210112279473,0.4642857142857143,0.6785714285714286,88.367326663229,90.50401143840621,257.02382142857147,0.5,operational_moderate
predictive_simple_fusion_greedy,28,51.221059732923216,6.481695123783354,0.5714285714285714,0.75,88.367326663229,90.50401143840621,249.68435714285712,0.4642857142857143,operational_moderate
predictive_consensus_greedy,28,51.913440989753006,7.17407638061314,0.5714285714285714,0.7142857142857143,88.367326663229,90.50401143840621,251.3748571428571,0.42857142857142855,operational_moderate
ensemble_uncertainty_selector,28,48.40557743358206,3.666212824442205,0.6071428571428571,0.7857142857142857,83.12853664598133,88.70321114314847,248.8825,0.5714285714285714,operational_moderate
conformal_uncertainty_selector,28,50.290434221875906,5.551069612736043,0.5714285714285714,0.7142857142857143,88.367326663229,90.50401143840621,253.71575,0.4642857142857143,operational_moderate
disagreement_aware_selector,28,52.07680742158424,7.337442812444372,0.5357142857142857,0.7142857142857143,88.367326663229,90.50401143840621,251.8898928571428,0.42857142857142855,operational_moderate
random,28,74.95766061523193,22.539938426527677,0.39285714285714285,0.39285714285714285,109.21867375284239,112.29792614289775,258.01496428571426,0.32142857142857145,operational_severe
best_historical_path,28,77.05303169118973,24.635309502485462,0.42857142857142855,0.32142857142857145,109.21867375284239,112.29792614289775,259.29314285714287,0.07142857142857142,operational_severe
highest_reply_availability,28,58.54350579878615,6.12578361008189,0.5714285714285714,0.6785714285714286,110.30020248816392,112.37670381606388,236.81550000000001,0.6785714285714286,operational_severe
reactive_greedy,28,55.375710774516065,2.9579885858117954,0.6785714285714286,0.7142857142857143,109.10107982558291,116.93584160433844,231.11457142857145,0.6071428571428571,operational_severe
predictive_greedy,28,66.38036997591924,13.962647787214987,0.5357142857142857,0.5357142857142857,108.99866885046696,110.78691846247067,244.74253571428568,0.5,operational_severe
predictive_graph_greedy,28,64.00531016457113,11.587587975866885,0.6428571428571429,0.5357142857142857,105.7381987419995,108.26603801953657,240.6934642857143,0.5,operational_severe
predictive_simple_fusion_greedy,28,66.1866642202124,13.76894203150817,0.6071428571428571,0.5,105.7381987419995,108.26603801953657,272.27671428571426,0.4642857142857143,operational_severe
predictive_consensus_greedy,28,65.77042273577668,13.352700547072427,0.6428571428571429,0.5,105.7381987419995,108.26603801953657,290.45539285714284,0.4642857142857143,operational_severe
ensemble_uncertainty_selector,28,55.45940532488578,3.0416831361815317,0.7857142857142857,0.7142857142857143,105.67477031131524,108.3448156927027,240.53878571428572,0.6071428571428571,operational_severe
conformal_uncertainty_selector,28,65.09687273781289,12.679150549108636,0.5714285714285714,0.5357142857142857,108.99866885046696,110.78691846247067,243.52092857142858,0.5,operational_severe
disagreement_aware_selector,28,64.38338769543542,11.965665506731167,0.6785714285714286,0.5357142857142857,105.7381987419995,108.26603801953657,244.49689285714288,0.4642857142857143,operational_severe
