scenario_name,policy_name,decision_count,switch_rate,base_penalty_ms,spike_penalty_ms,spike_probability,n_trials,mean_penalized_latency_ms,mean_penalized_latency_ci_low_ms,mean_penalized_latency_ci_high_ms,mean_penalized_decision_gap_ms,mean_penalized_decision_gap_ci_low_ms,mean_penalized_decision_gap_ci_high_ms,success_rate_under_60ms,success_rate_ci_low,success_rate_ci_high,p95_penalized_latency_ms,cvar95_penalized_latency_ms,mean_spike_event_rate
in_distribution,random,74,0.8243243243243243,10.0,75.0,0.1,256,57.18162260929639,52.996920328890994,62.751987896458544,20.363006245741225,16.17830396533582,25.933371532903386,0.7189083614864865,0.6621621621621622,0.7702702702702703,116.3290517565807,131.44367087697134,0.08282305743243243
in_distribution,best_historical_path,74,0.7837837837837838,10.0,75.0,0.1,256,51.308881386538005,46.518446420321794,56.27351398788936,14.490265022982836,9.69983005676662,19.454897624334187,0.7976668074324325,0.7297297297297297,0.8513513513513513,106.64721681808138,122.6119481750983,0.07738597972972974
in_distribution,highest_reply_availability,74,0.8108108108108109,10.0,75.0,0.1,256,56.27212744512487,52.44769754647621,61.56931916809784,19.45351108156969,15.629081182921043,24.750702804542662,0.72265625,0.6621621621621622,0.7702702702702703,115.3200221384601,131.42312288486403,0.07801942567567569
in_distribution,reactive_greedy,74,0.7972972972972973,10.0,75.0,0.1,256,52.324798230629106,48.437023737385864,56.545131845493984,15.506181867073932,11.61840737383069,19.726515481938797,0.7690033783783784,0.7162162162162162,0.8108108108108109,107.18823403850304,121.94430208875968,0.07886402027027027
in_distribution,predictive_greedy,74,0.8108108108108109,10.0,75.0,0.1,256,51.65375334071219,47.48092817179328,56.60254979341488,14.835136977157015,10.662311808238092,19.78393342985972,0.779983108108108,0.7162162162162162,0.8243243243243243,108.69903622282128,123.4447075427276,0.08266469594594594
in_distribution,predictive_graph_greedy,74,0.8243243243243243,10.0,75.0,0.1,256,51.42426612777698,47.477106077101304,56.598727698722925,14.605649764221805,10.658489713546134,19.780111335167756,0.7811972128378378,0.7162162162162162,0.8327702702702703,106.8671475213971,122.08673782742144,0.07965582770270271
in_distribution,predictive_simple_fusion_greedy,74,0.8243243243243243,10.0,75.0,0.1,256,51.7215567364913,47.473509861491316,56.595131483112915,14.90294037293613,10.654893497936133,19.776515119557754,0.7798247466216215,0.7162162162162162,0.8327702702702703,108.53300142386516,123.86202241959586,0.08366765202702703
in_distribution,predictive_consensus_greedy,74,0.8243243243243243,10.0,75.0,0.1,256,51.45593842507428,47.47710607710132,55.58521418520941,14.637322061519106,10.658489713546134,18.76659782165424,0.7810388513513513,0.7297297297297297,0.8243243243243243,107.54065557709008,122.72937707882657,0.080078125
in_distribution,ensemble_uncertainty_selector,74,0.8108108108108109,10.0,75.0,0.1,256,51.82888694628859,47.64418466588319,56.7658062875048,15.01027058273342,10.825568302328014,19.947189923949633,0.7802470439189189,0.7162162162162162,0.8243243243243243,108.58894002061176,124.16053246852567,0.08282305743243244
in_distribution,conformal_uncertainty_selector,74,0.8108108108108109,10.0,75.0,0.1,256,52.08537996602203,48.05112109777879,57.172742719400404,15.266763602466852,11.232504734223612,20.354126355845235,0.7814083614864865,0.7212837837837838,0.8243243243243243,108.49874521359246,123.80180166409522,0.08081714527027029
in_distribution,disagreement_aware_selector,74,0.8108108108108109,10.0,75.0,0.1,256,51.55776467616791,47.60664558833007,55.71475369643817,14.73914831261273,10.788029224774895,18.896137332883004,0.7814611486486486,0.7297297297297297,0.8243243243243243,108.38170966883692,122.96057151490895,0.07970861486486487
temporal_shift,random,28,0.32142857142857145,10.0,75.0,0.1,256,48.813026955988725,46.41696110777443,54.45267539348872,9.943643070954128,7.547577222739842,15.583291508454128,0.8677455357142856,0.8214285714285714,0.8928571428571429,72.00113134230526,90.5600540224057,0.03194754464285714
temporal_shift,best_historical_path,28,0.07142857142857142,10.0,75.0,0.1,256,42.6541950852042,42.18335245127563,44.861923879847055,3.7848112001696106,3.31396856624104,5.992539994812469,0.9252232142857144,0.8928571428571429,0.9285714285714286,59.98044775887115,66.27444685616183,0.006277901785714285
temporal_shift,highest_reply_availability,28,0.75,10.0,75.0,0.1,256,58.97358078306337,53.333932345563376,66.72678948842052,20.104196898028793,14.464548460528794,27.85740560338594,0.6690848214285714,0.5714285714285714,0.7142857142857143,103.56750134474207,120.53164494508015,0.0751953125
temporal_shift,reactive_greedy,28,0.7142857142857143,10.0,75.0,0.1,256,56.09400279499276,50.569449223564185,63.96230636642134,17.224618909958178,11.700065338529607,25.09292248138675,0.763671875,0.6785714285714286,0.8214285714285714,98.94114817611623,115.53764410665215,0.07366071428571427
temporal_shift,predictive_greedy,28,0.5,10.0,75.0,0.1,256,50.62788428093677,46.67280615593677,59.06119901307963,11.758500395902178,7.803422270902179,20.191815128045036,0.8794642857142858,0.7857142857142857,0.9285714285714286,83.7528149724875,102.04207228792714,0.052734374999999986
temporal_shift,predictive_graph_greedy,28,0.4642857142857143,10.0,75.0,0.1,256,48.391571375317,45.053820259245576,54.76364168781701,9.522187490282413,6.184436374210983,15.894257802782413,0.8863002232142858,0.8214285714285714,0.9285714285714286,78.21883539415484,96.60144167457608,0.044503348214285705
temporal_shift,predictive_simple_fusion_greedy,28,0.4642857142857143,10.0,75.0,0.1,256,48.85881153936292,45.25948118222005,55.973766896505765,9.989427654328324,6.390097297185467,17.10438301147118,0.8842075892857142,0.7857142857142857,0.9285714285714286,80.25640695521065,98.71152838055849,0.04799107142857142
temporal_shift,predictive_consensus_greedy,28,0.5,10.0,75.0,0.1,256,49.6697788146048,45.67284801103336,58.06124086817622,10.800394929570203,6.803464125998774,19.19185698314163,0.8793247767857143,0.7857142857142857,0.9285714285714286,82.05650941393134,100.79736699983769,0.0532924107142857
temporal_shift,ensemble_uncertainty_selector,28,0.35714285714285715,10.0,75.0,0.1,256,46.47340857792703,43.94132152435561,51.97703581006989,7.604024692892451,5.07193763932102,13.107651925035308,0.9305245535714285,0.8571428571428571,0.9642857142857143,70.16946250155294,85.7327096286165,0.033761160714285705
temporal_shift,conformal_uncertainty_selector,28,0.35714285714285715,10.0,75.0,0.1,256,47.340339584643175,44.75593668285747,52.791650968571744,8.470955699608599,5.886552797822882,13.922267083537168,0.9298270089285714,0.8571428571428571,0.9642857142857143,70.8747583844174,87.30834479341087,0.03445870535714285
temporal_shift,disagreement_aware_selector,28,0.5,10.0,75.0,0.1,256,49.531392973481175,45.9843784645526,54.02009275026688,10.662009088446585,7.114994579518012,15.1507088652323,0.8522600446428571,0.7857142857142857,0.8928571428571429,83.27893494954253,100.8368010316427,0.04729352678571428
site_holdout,random,119,0.18487394957983194,10.0,75.0,0.1,256,47.154783369474096,45.81303573291948,48.96429623712116,8.83438306224296,7.492635425688338,10.643895929890018,0.7791163340336136,0.759453781512605,0.7899159663865546,76.35038061488679,99.06296466834537,0.017889968487394957
site_holdout,best_historical_path,119,0.008403361344537815,10.0,75.0,0.1,256,43.26932503344365,43.21762466579658,43.847876766636915,4.948924726212482,4.897224358565421,5.527476459405758,0.7563025210084036,0.7563025210084033,0.7563025210084033,73.17832280544093,77.06498355267921,0.0006893382352941176
site_holdout,highest_reply_availability,119,0.5042016806722689,10.0,75.0,0.1,256,51.76098949802063,49.15873765978533,54.83100656734837,13.44058919078948,10.838337352554186,16.51060626011721,0.6769957983193277,0.6418067226890756,0.6974789915966386,96.38962924226787,125.99469471587625,0.05150341386554622
site_holdout,reactive_greedy,119,0.5714285714285714,10.0,75.0,0.1,256,51.97317042553862,49.53094353478232,54.96686790453021,13.652770118307465,11.210543227551163,16.64646759729906,0.7461594012605042,0.7058823529411765,0.7815126050420168,99.78800718486215,124.99982296899114,0.05777310924369748
site_holdout,predictive_greedy,119,0.3277310924369748,10.0,75.0,0.1,256,45.74385028844833,43.8481701413895,48.25993484727185,7.42344998121718,5.527769834158358,9.93953454004071,0.8377429096638657,0.8067226890756303,0.8571428571428571,79.74991896827424,106.10360888105114,0.03367909663865547
site_holdout,predictive_graph_greedy,119,0.42016806722689076,10.0,75.0,0.1,256,48.0145263984442,45.572299507687895,50.61431631441058,9.694126091213045,7.251899200456743,12.293916007179432,0.7853860294117648,0.7563025210084033,0.8151260504201681,91.15155511404134,116.73020256058108,0.04096638655462185
site_holdout,predictive_simple_fusion_greedy,119,0.31092436974789917,10.0,75.0,0.1,256,45.31580605671055,43.6392369915845,48.05100169746685,6.995405749479409,5.318836684353357,9.730601390235709,0.8395811449579833,0.8067226890756303,0.8623949579831933,76.68200738514071,101.69500017222533,0.03075761554621849
site_holdout,predictive_consensus_greedy,119,0.29411764705882354,10.0,75.0,0.1,256,45.119746718696376,43.18221389306613,47.35763406113336,6.7993464114652395,4.861813585834987,9.037233753902212,0.8413537289915968,0.8151260504201681,0.865546218487395,77.19758626052462,102.78963016567407,0.028985031512605043
site_holdout,ensemble_uncertainty_selector,119,0.33613445378151263,10.0,75.0,0.1,256,45.66077411537236,43.752784356969,48.16454906285135,7.340373808141224,5.432384049737862,9.844148755620212,0.8590795693277313,0.8266806722689075,0.8823529411764706,80.09049730124443,103.83063658228308,0.03384322478991597
site_holdout,conformal_uncertainty_selector,119,0.37815126050420167,10.0,75.0,0.1,256,46.72603019653472,44.55215283308935,48.963917538971714,8.40562988930358,6.231752525858202,10.643517231740553,0.8194918592436977,0.7899159663865546,0.8403361344537815,84.09403705606178,110.52049533916413,0.03738839285714286
site_holdout,disagreement_aware_selector,119,0.2773109243697479,10.0,75.0,0.1,256,44.72826457255345,42.56915874272151,46.980923448603875,6.40786426532231,4.248758435490377,8.66052314137273,0.8648568802521011,0.8319327731092437,0.8907563025210085,77.07171385677694,101.59683103304542,0.02878807773109244
operational_mild,random,28,0.32142857142857145,10.0,75.0,0.1,256,55.6330665311724,53.163758495458126,61.19947278117241,14.223855596347624,11.754547560633341,19.790261846347626,0.6224888392857142,0.5714285714285714,0.6428571428571429,82.0517898906366,97.941860750939,0.03292410714285714
operational_mild,best_historical_path,28,0.07142857142857142,10.0,75.0,0.1,256,47.50947251960362,46.99677720710363,49.67534863567506,6.100261584778844,5.587566272278843,8.26613770085027,0.7818080357142859,0.75,0.7857142857142857,67.7838637660773,75.52700086050513,0.0068359375
operational_mild,highest_reply_availability,28,0.6785714285714286,10.0,75.0,0.1,256,58.1339962773013,52.83963243801559,66.23248958087274,16.724785342476522,11.43042150319081,24.823278646047953,0.6683872767857142,0.5714285714285714,0.7142857142857143,99.68763807485166,117.78496059359686,0.07059151785714285
operational_mild,reactive_greedy,28,0.6785714285714286,10.0,75.0,0.1,256,56.72726026553253,51.31780156017539,64.71065870303254,15.318049330707762,9.908590625350618,23.301447768207762,0.6283482142857142,0.5357142857142857,0.6785714285714286,97.50262461433998,114.92500343178457,0.07212611607142856
operational_mild,predictive_greedy,28,0.5,10.0,75.0,0.1,256,54.56607248734677,50.82025775520392,61.534543469489634,13.156861552521997,9.411046820379141,20.12533253466486,0.7776227678571428,0.6785714285714286,0.8214285714285714,90.24401317629294,108.20223891556978,0.04994419642857141
operational_mild,predictive_graph_greedy,28,0.5,10.0,75.0,0.1,256,55.939616228447875,52.26704368380501,62.98132939809072,14.530405293623083,10.857832748980226,21.572118463265944,0.7151227678571428,0.6428571428571429,0.75,96.70377204000076,114.22178164872672,0.04896763392857142
operational_mild,predictive_simple_fusion_greedy,28,0.5,10.0,75.0,0.1,256,53.40907731997717,49.851599641405734,60.56588535569144,11.999866385152382,8.442388706580955,19.15667442086667,0.7487444196428572,0.6785714285714286,0.7857142857142857,88.2242464925543,106.73409805350876,0.0474330357142857
operational_mild,predictive_consensus_greedy,28,0.5714285714285714,10.0,75.0,0.1,256,56.45505757442202,52.12330534227916,62.837591056564875,15.045846639597244,10.714094407454386,21.4283801217401,0.7099609375,0.6071428571428571,0.75,100.40688709403312,118.21427126424223,0.05775669642857142
operational_mild,ensemble_uncertainty_selector,28,0.42857142857142855,10.0,75.0,0.1,256,50.8244472034589,47.873833364173194,55.90954764988748,9.415236268634128,6.464622429348415,14.500336715062701,0.8243582589285714,0.75,0.8571428571428571,84.70117758069311,100.73319791996222,0.03934151785714285
operational_mild,conformal_uncertainty_selector,28,0.4642857142857143,10.0,75.0,0.1,256,52.59645154299041,49.112216051918985,58.82203748049041,11.187240608165629,7.703005117094202,17.41282654566563,0.7827845982142857,0.7142857142857143,0.8214285714285714,88.10266718642652,106.3402513175555,0.046456473214285705
operational_mild,disagreement_aware_selector,28,0.5,10.0,75.0,0.1,256,53.66336823519415,49.72921644947986,60.44350216376557,12.254157300369366,8.320005514655078,19.034291228940795,0.7438616071428572,0.65625,0.7857142857142857,88.76690319658155,105.83252048915061,0.05245535714285714
operational_moderate,random,28,0.32142857142857145,10.0,75.0,0.1,256,68.89716143805188,66.38600072376616,74.42171500948044,24.157796828912005,21.64663611462629,29.682350400340574,0.3829520089285715,0.3348214285714286,0.39285714285714285,104.42056905895646,121.10944442947115,0.03348214285714285
operational_moderate,best_historical_path,28,0.07142857142857142,10.0,75.0,0.1,256,59.978966948983086,59.37210310969736,62.05067453826879,15.239602339843216,14.6327385005575,17.311309929128928,0.5673828124999999,0.5357142857142857,0.5714285714285714,91.84284878219054,99.30174216097882,0.008091517857142856
operational_moderate,highest_reply_availability,28,0.6785714285714286,10.0,75.0,0.1,256,62.30792946583845,57.12866049262417,70.52151763548132,17.568564856698575,12.38929588348429,25.78215302634143,0.6058872767857142,0.5357142857142857,0.6428571428571429,116.43453670429491,133.2229130317432,0.06905691964285714
operational_moderate,reactive_greedy,28,0.4642857142857143,10.0,75.0,0.1,256,56.0027708195762,52.57085117671905,63.28513689100477,11.263406210436328,7.8314865675791845,18.545772281864895,0.7501395089285714,0.6785714285714286,0.7857142857142857,104.53213314218974,119.54067431853169,0.04575892857142856
operational_moderate,predictive_greedy,28,0.5,10.0,75.0,0.1,256,60.42200116169216,56.80174446526358,67.51603017954929,15.682636552552289,12.062379856123716,22.776665570409428,0.6114676339285714,0.5357142857142857,0.6428571428571429,99.5953022823658,114.85051330003819,0.048270089285714274
operational_moderate,predictive_graph_greedy,28,0.5,10.0,75.0,0.1,256,61.32926333749077,57.40557472141934,68.11986043570506,16.589898728350903,12.666210112279472,23.380495826565184,0.6030970982142857,0.5357142857142857,0.6428571428571429,100.43892221564765,115.39561435284244,0.0523158482142857
operational_moderate,predictive_simple_fusion_greedy,28,0.4642857142857143,10.0,75.0,0.1,256,59.70390013470892,55.86391687578036,66.57820259006607,14.964535525569072,11.124552266640498,21.83883798092622,0.6435546875,0.5714285714285714,0.6785714285714286,100.76301247043273,115.84090961851757,0.051199776785714274
operational_moderate,predictive_consensus_greedy,28,0.42857142857142855,10.0,75.0,0.1,256,59.411348355824444,56.1991552754673,66.91344098975301,14.67198374668457,11.459790666327425,22.174076380613144,0.646484375,0.5714285714285714,0.6785714285714286,98.25166186150614,111.66130641592221,0.04282924107142856
operational_moderate,ensemble_uncertainty_selector,28,0.5714285714285714,10.0,75.0,0.1,256,58.462078549653484,54.119863147867775,66.50825600501064,13.722713940513632,9.380498538727919,21.768891395870778,0.7038225446428572,0.6071428571428571,0.75,102.11249960270003,116.82076493349489,0.05789620535714285
operational_moderate,conformal_uncertainty_selector,28,0.4642857142857143,10.0,75.0,0.1,256,58.6058639093759,54.93329136473305,65.64757707901876,13.866499300236043,10.193926755593186,20.908212469878897,0.6421595982142858,0.5491071428571428,0.6785714285714286,103.17300379606576,117.61944082836257,0.04896763392857142
operational_moderate,disagreement_aware_selector,28,0.42857142857142855,10.0,75.0,0.1,256,59.51193576979851,56.36252170729853,64.39823599301282,14.772571160658655,11.623157098158657,19.658871383872945,0.6467633928571429,0.5714285714285714,0.6785714285714286,98.30141511685108,111.66033478289529,0.0419921875
operational_severe,random,28,0.32142857142857145,10.0,75.0,0.1,256,80.54708583844624,78.17194632951767,86.20766061523196,28.12936364974196,25.754224140813392,33.78993842652768,0.34179687499999994,0.2857142857142857,0.35714285714285715,117.42083146115964,130.56487710478015,0.03166852678571428
operational_severe,best_historical_path,28,0.07142857142857142,10.0,75.0,0.1,256,78.28001271797544,77.76731740547544,80.44588883404687,25.86229052927117,25.349595216771178,28.028166645342605,0.28194754464285704,0.25,0.2857142857142857,109.62694835603618,113.39395693186096,0.006835937499999998
operational_severe,highest_reply_availability,28,0.6785714285714286,10.0,75.0,0.1,256,69.89116204878616,65.32922008450043,77.71761294164331,17.47343986008189,12.911497895796176,25.29989075293903,0.5357142857142856,0.4642857142857143,0.5714285714285714,124.62518905185584,137.56621944032364,0.06082589285714285
operational_severe,reactive_greedy,28,0.6071428571428571,10.0,75.0,0.1,256,65.93583912273036,61.44713934594464,74.83999648880179,13.51811693402608,9.029417157240365,22.42227430009751,0.6078404017857142,0.5357142857142857,0.6428571428571429,128.487283394312,145.6168489080132,0.05984933035714285
operational_severe,predictive_greedy,28,0.5,10.0,75.0,0.1,256,74.80182644913351,71.38036997591924,79.41608426163353,22.384104260429268,18.962647787214983,26.998362072929268,0.44461495535714296,0.39285714285714285,0.4642857142857143,119.4097807183959,136.0842686208441,0.04561941964285713
operational_severe,predictive_graph_greedy,28,0.5,10.0,75.0,0.1,256,72.79297757528543,69.00531016457113,79.71959587885685,20.37525538658117,16.587587975866885,27.301873690152597,0.4720982142857143,0.39285714285714285,0.5,122.745014496494,139.42276325506768,0.05050223214285714
operational_severe,predictive_simple_fusion_greedy,28,0.4642857142857143,10.0,75.0,0.1,256,74.37653587199813,70.82952136306956,81.54380707735528,21.958813683293876,18.41179917436531,29.126084888651018,0.4375000000000001,0.35714285714285715,0.4642857142857143,123.78807517316716,138.21000000285983,0.047293526785714274
operational_severe,predictive_consensus_greedy,28,0.4642857142857143,10.0,75.0,0.1,256,73.83473635184811,70.41327987863382,78.44899416434812,21.417014163143854,17.99555768992957,26.031271975643854,0.44029017857142866,0.3705357142857143,0.4642857142857143,122.9968160863005,138.41943549901544,0.04561941964285713
operational_severe,ensemble_uncertainty_selector,28,0.6071428571428571,10.0,75.0,0.1,256,66.15555487845721,61.53083389631435,72.24511961060007,13.73783268975296,9.113111707610104,19.827397421895817,0.6032366071428572,0.5,0.6428571428571429,121.74379941631649,138.08146019792494,0.06166294642857142
operational_severe,conformal_uncertainty_selector,28,0.5,10.0,75.0,0.1,256,73.7799084520986,70.09687273781289,80.81115845209862,21.36218626339435,17.679150549108634,28.393436263394346,0.4436383928571429,0.39285714285714285,0.4642857142857143,123.98674164056703,141.18522424219435,0.04910714285714285
operational_severe,disagreement_aware_selector,28,0.4642857142857143,10.0,75.0,0.1,256,72.81391224900685,69.02624483829256,79.74053055257829,20.396190060302594,16.608522649588313,27.32280836387402,0.4351283482142858,0.35714285714285715,0.4642857142857143,122.03911402239498,136.12689051628962,0.05050223214285714
