scenario_name,stratifier,stratum_level,candidate_count,mean_disagreement_ms,mean_abs_temporal_error_ms,service_failure_rate,spearman_disagreement_error,spearman_p_value
in_distribution,reply_pressure,high,81,2.021624432992605,3.6823588158714773,0.07407407407407407,0.2453026196928636,0.02729650494805937
in_distribution,reply_pressure,low,81,2.3174807504033925,4.649983872659014,0.12345679012345678,0.4631436314363143,1.3379268351606981e-05
in_distribution,volatility,high,81,2.6310297231992887,5.18386814974532,0.16049382716049382,0.43660794941282743,4.6040670261182276e-05
in_distribution,volatility,low,81,1.7080754601967088,3.148474538785172,0.037037037037037035,0.24164408310749771,0.02975686129453872
in_distribution,time_of_day,night,81,1.4800470794488891,2.430821420535241,0.0,0.09893857271906051,0.37952823899466054
in_distribution,time_of_day,day,81,2.8590581039471084,5.901521267995252,0.19753086419753085,0.4620822041553748,1.4085339525589079e-05
in_distribution,site,brisbane,9,1.2841704513289693,2.520380454398213,0.0,0.16666666666666669,0.668231040071504
in_distribution,site,bruhl,9,1.0459244723980292,1.259567170491536,0.0,0.6166666666666666,0.07692880993776312
in_distribution,site,kanazawa,9,1.7210088545623674,2.6035592581815745,0.0,0.6,0.08762282904140249
in_distribution,site,lincoln,9,1.7949646338826521,2.6836566440866565,0.0,-0.5166666666666667,0.15439012098622507
in_distribution,site,manila,9,1.796429304158159,2.403733656717078,0.0,0.43333333333333335,0.24395243588005172
in_distribution,site,minneapolis,9,1.0813841096446088,3.449092058515261,0.0,-0.35,0.35581957250178897
in_distribution,site,seattle,9,1.2630840217931716,2.5740643323016013,0.0,0.5166666666666667,0.15439012098622507
in_distribution,site,slc,9,1.4234666190169365,2.5242416887305295,0.0,0.4666666666666666,0.2053863511058121
in_distribution,site,ulukhaktok,36,3.315538769344256,5.5364413570166064,0.25,0.30939510939510945,0.06632776913449949
in_distribution,site,victoria,9,2.6144857925451612,1.429619560097755,0.0,0.5833333333333334,0.09918581647988327
in_distribution,site,victoria_hp1_proto2,9,0.9465516318257667,2.90335832166421,0.0,-0.09999999999999999,0.797971695234851
in_distribution,site,zambia,9,5.617234609697132,19.592790480843362,0.7777777777777778,-0.2333333333333333,0.5456987782182728
in_distribution,site,dallas,9,2.3691533034815517,3.8730958252982637,0.0,-0.016666666666666666,0.9660548039946862
in_distribution,site,denver,9,1.6734550006059281,1.6393513289232164,0.0,-0.06666666666666667,0.8646897846262036
in_distribution,site,ottawa,9,1.15847876824652,3.3888079884587454,0.0,0.48333333333333334,0.18746985521554216
temporal_shift,reply_pressure,low,81,4.8707389352031765,8.912383047239883,0.09876543209876543,0.6286359530261969,3.308543780268243e-10
temporal_shift,reply_pressure,high,81,7.836548918761854,12.355186680956557,0.06172839506172839,0.7004968383017164,3.3615963415026915e-13
temporal_shift,volatility,high,81,7.303373922217484,13.654908317713778,0.14814814814814814,0.5802393857271906,1.368561431074544e-08
temporal_shift,volatility,low,81,5.403913931747546,7.612661410482662,0.012345679012345678,0.7084010840108401,1.3888082741931357e-13
temporal_shift,time_of_day,night,81,6.409806247485477,9.210988241522646,0.0,0.6907407407407407,9.627917776125805e-13
temporal_shift,time_of_day,day,81,6.297481606479553,12.056581486673796,0.16049382716049382,0.5759485094850948,1.8496859810712252e-08
temporal_shift,site,brisbane,9,6.852630427055576,10.277953880042856,0.0,0.8499999999999999,0.0037047773275858125
temporal_shift,site,bruhl,9,6.00139713176092,7.42820111830412,0.0,0.4666666666666666,0.2053863511058121
temporal_shift,site,kanazawa,9,5.843729532789035,5.7267446853492245,0.0,0.7333333333333334,0.024554150071469705
temporal_shift,site,lincoln,9,5.818270867021561,6.931479648542481,0.0,0.8833333333333333,0.0015905004234978695
temporal_shift,site,manila,9,6.234885075454865,7.721648170665491,0.0,0.6166666666666666,0.07692880993776312
temporal_shift,site,minneapolis,9,7.001985188148057,10.369797918625197,0.0,0.5,0.1704706607870538
temporal_shift,site,seattle,9,6.269888749008512,6.40467392605763,0.0,0.9333333333333332,0.00023589981215941651
temporal_shift,site,slc,9,6.046143861668497,9.791128567656465,0.0,0.7,0.03576957497026173
temporal_shift,site,ulukhaktok,36,4.946277958302744,10.674781025096038,0.1388888888888889,0.36190476190476195,0.03008918377741039
temporal_shift,site,victoria,9,6.670157308249246,11.253947059005576,0.0,0.3,0.43284532670948234
temporal_shift,site,victoria_hp1_proto2,9,6.092696093589034,9.46171610145913,0.0,0.7833333333333333,0.012519873019449885
temporal_shift,site,zambia,9,10.141236057228626,26.128209889024905,0.7777777777777778,0.5833333333333334,0.09918581647988327
temporal_shift,site,dallas,9,8.200068881744503,15.764448726275507,0.1111111111111111,0.2833333333333333,0.46003032896572005
temporal_shift,site,denver,9,6.765921026005951,11.082291464819244,0.0,0.6166666666666666,0.07692880993776312
temporal_shift,site,ottawa,9,6.641468652749912,10.366762297555981,0.0,0.9833333333333333,1.936196303745927e-06
site_holdout,reply_pressure,high,211,3.9886901392147114,5.913969690804607,0.22748815165876776,0.3434690410188935,3.120267958966762e-07
site_holdout,reply_pressure,low,205,4.040941564874918,5.810162714268194,0.23414634146341465,0.19137774930005153,0.005981184542210044
site_holdout,volatility,low,208,3.881239854608531,5.114895414405087,0.14423076923076922,0.24783302128839885,0.00030710800806839366
site_holdout,volatility,high,208,4.14763822314946,6.610734206675451,0.3173076923076923,0.2682066217535325,8.972241075145301e-05
site_holdout,time_of_day,night,178,2.68031354439536,3.5650259259110153,0.0,0.056792587525227964,0.45146350792635376
site_holdout,time_of_day,day,238,5.0122303750894455,7.581329186439459,0.40336134453781514,0.1157550674525411,0.07468784178541842
site_holdout,site,kanazawa,60,3.0572024761204375,3.0712611599354815,0.0,0.14253959433175886,0.2772843887241411
site_holdout,site,lincoln,59,2.11616372062522,3.273938877729921,0.0,0.010695499707773233,0.9359205704248476
site_holdout,site,ulukhaktok,238,5.0122303750894455,7.581329186439459,0.40336134453781514,0.1157550674525411,0.07468784178541842
site_holdout,site,victoria_hp1_proto2,59,2.8611864884450817,4.358246634406211,0.0,0.05213325540619521,0.6949532490171214
operational_mild,reply_pressure,low,81,4.951377796239981,12.991862355540235,0.13580246913580246,0.4468157181571815,2.8969134898438296e-05
operational_mild,reply_pressure,high,81,8.198978601176306,14.7977825682978,0.13580246913580246,0.7191734417344173,3.967186558547937e-14
operational_mild,volatility,high,81,7.787089669775295,20.137162092964807,0.2345679012345679,0.43346883468834685,5.2934182707866006e-05
operational_mild,volatility,low,81,5.363266727640991,7.652482830873227,0.037037037037037035,0.7095980126467931,1.2117081781750274e-13
operational_mild,time_of_day,night,81,6.702777412754226,12.541017889967465,0.024691358024691357,0.6503387533875339,5.0094345311542584e-11
operational_mild,time_of_day,day,81,6.44757898466206,15.24862703387057,0.24691358024691357,0.5387985546522132,2.115562783965269e-07
operational_mild,site,brisbane,9,6.917862107479676,11.548709090990664,0.0,0.75,0.01994212613199253
operational_mild,site,bruhl,9,6.009569126919006,10.878771965845242,0.0,0.6333333333333333,0.06708578689234572
operational_mild,site,kanazawa,9,6.071695899383384,8.557192973543989,0.0,0.9500000000000001,8.762523965086185e-05
operational_mild,site,lincoln,9,5.901192680916716,8.234606955072275,0.0,0.7999999999999999,0.009627924725379839
operational_mild,site,manila,9,6.21840164415375,12.989448506657531,0.0,0.8333333333333333,0.005265691029161747
operational_mild,site,minneapolis,9,7.558027822550987,14.24603248010648,0.0,0.33333333333333337,0.38071318167686347
operational_mild,site,seattle,9,6.404676693687886,15.17431163160718,0.0,0.6166666666666666,0.07692880993776312
operational_mild,site,slc,9,6.676919937145107,12.610148971227602,0.0,0.9,0.0009430623223403288
operational_mild,site,ulukhaktok,36,5.179477450202007,11.872223492618543,0.3055555555555556,0.33590733590733596,0.04518397391301821
operational_mild,site,victoria,9,6.832714689408426,13.470962631975656,0.0,0.35,0.35581957250178897
operational_mild,site,victoria_hp1_proto2,9,7.125303228857471,14.491362504124728,0.0,0.7166666666666667,0.02981803569584528
operational_mild,site,zambia,9,10.30287094647762,32.5188056252136,0.7777777777777778,0.4666666666666666,0.2053863511058121
operational_mild,site,dallas,9,7.70743183968615,16.45603459965504,0.2222222222222222,0.18333333333333335,0.6368198117628943
operational_mild,site,denver,9,7.011217310743127,16.41361133763368,0.1111111111111111,0.5,0.1704706607870538
operational_mild,site,ottawa,9,6.897413848529242,15.027911070414468,0.1111111111111111,0.5333333333333333,0.13922686754397814
operational_moderate,reply_pressure,low,81,5.231232351700434,23.43535677582326,0.48148148148148145,0.1211156278229449,0.2814493510681503
operational_moderate,reply_pressure,high,81,8.581175266225559,22.705636365605848,0.38271604938271603,0.6156052393857271,9.594252036181662e-10
operational_moderate,volatility,high,81,7.861077874621526,36.055428408475414,0.7901234567901234,0.4093947606142728,0.00014762276597344876
operational_moderate,volatility,low,81,5.951329743304468,10.085564732953685,0.07407407407407407,0.36316621499548324,0.0008614992107337353
operational_moderate,time_of_day,night,81,7.15642911835918,20.506336917734835,0.2962962962962963,0.43453026196928635,5.050262673283446e-05
operational_moderate,time_of_day,day,81,6.655978499566814,25.634656223694268,0.5679012345679012,0.3510162601626017,0.0013138714366884357
operational_moderate,site,brisbane,9,7.389418060567753,17.17107639582303,0.2222222222222222,0.48333333333333334,0.18746985521554216
operational_moderate,site,bruhl,9,6.396761868212201,20.37029071423115,0.3333333333333333,0.5166666666666667,0.15439012098622507
operational_moderate,site,kanazawa,9,7.0455017640682245,14.612740420834529,0.0,0.4666666666666666,0.2053863511058121
operational_moderate,site,lincoln,9,7.4155362153679665,20.04250957254656,0.1111111111111111,0.35,0.35581957250178897
operational_moderate,site,manila,9,7.1047607933708905,26.746743965692524,0.5555555555555556,0.21666666666666667,0.5755148957119259
operational_moderate,site,minneapolis,9,7.619462089710295,17.34782534520812,0.2222222222222222,0.41666666666666663,0.26458604674749636
operational_moderate,site,seattle,9,6.734110411772438,22.496020588380574,0.2222222222222222,0.8499999999999999,0.0037047773275858125
operational_moderate,site,slc,9,6.694844777303337,29.02939242332298,0.5555555555555556,0.3,0.43284532670948234
operational_moderate,site,ulukhaktok,36,4.97105758786299,23.558271141761374,0.5555555555555556,0.2947232947232947,0.08099794596059469
operational_moderate,site,victoria,9,7.611627304381626,20.303328269506533,0.3333333333333333,0.5833333333333334,0.09918581647988327
operational_moderate,site,victoria_hp1_proto2,9,7.095770544252143,24.59824748672659,0.5555555555555556,0.7333333333333334,0.024554150071469705
operational_moderate,site,zambia,9,11.48268705781215,31.58076066846087,0.8888888888888888,0.7666666666666667,0.01594401657897403
operational_moderate,site,dallas,9,8.003173104390548,26.625903800345988,0.6666666666666666,-0.08333333333333334,0.831214097710308
operational_moderate,site,denver,9,6.84943567674428,32.066303951560855,0.6666666666666666,0.35,0.35581957250178897
operational_moderate,site,ottawa,9,6.984348541928132,18.044710103176143,0.2222222222222222,0.5499999999999999,0.12497678418833194
operational_severe,reply_pressure,low,81,5.499254494753654,34.85233798630226,0.6172839506172839,0.05356820234869015,0.6348142904593714
operational_severe,reply_pressure,high,81,8.709588577449116,44.917390473400744,0.7160493827160493,0.5765582655826558,1.7726389206828576e-08
operational_severe,volatility,high,81,8.051082251832657,59.3862176295329,1.0,0.581323396567299,1.2673962879090857e-08
operational_severe,volatility,low,81,6.157760820370113,20.383510830170096,0.3333333333333333,0.3330171635049684,0.002383252471363707
operational_severe,time_of_day,night,81,7.344553228290419,39.6723644165291,0.6419753086419753,0.40411020776874435,0.0001830223533000457
operational_severe,time_of_day,day,81,6.86428984391235,40.09736404317391,0.691358024691358,0.29778681120144534,0.006934526395048644
operational_severe,site,brisbane,9,7.34591941429547,37.03204882848995,0.5555555555555556,0.09999999999999999,0.797971695234851
operational_severe,site,bruhl,9,6.596152636340978,45.756359656671435,0.7777777777777778,0.8333333333333333,0.005265691029161747
operational_severe,site,kanazawa,9,7.671711630552131,38.188037994073476,0.6666666666666666,0.6,0.08762282904140249
operational_severe,site,lincoln,9,7.544522079106274,43.04505866810002,0.7777777777777778,0.049999999999999996,0.8983528043506303
operational_severe,site,manila,9,7.407709952019711,40.07450047074596,0.6666666666666666,0.5,0.1704706607870538
operational_severe,site,minneapolis,9,7.209273827622484,35.88733342676479,0.5555555555555556,0.09999999999999999,0.797971695234851
operational_severe,site,seattle,9,7.167144311481227,45.35521253125333,0.7777777777777778,0.33333333333333337,0.38071318167686347
operational_severe,site,slc,9,6.883675071859216,25.283318847086207,0.3333333333333333,-0.11666666666666665,0.765007942926146
operational_severe,site,ulukhaktok,36,5.411505706479653,40.192222035605305,0.6666666666666666,0.3505791505791506,0.03605667200642276
operational_severe,site,victoria,9,7.187016373856447,41.24919714247191,0.6666666666666666,-0.18333333333333335,0.6368198117628943
operational_severe,site,victoria_hp1_proto2,9,7.713114797196492,31.10933710143076,0.4444444444444444,0.15,0.7000942309691418
operational_severe,site,zambia,9,11.316733738032175,40.51617655058254,0.8888888888888888,0.6833333333333333,0.04244227208707231
operational_severe,site,dallas,9,7.3573226959002165,48.878179846475895,0.8888888888888888,0.31666666666666665,0.406397014486386
operational_severe,site,denver,9,7.335268199731723,37.05044155802026,0.5555555555555556,0.6166666666666666,0.07692880993776312
operational_severe,site,ottawa,9,7.498000095911771,47.73346537273925,0.7777777777777778,0.8166666666666667,0.0072247852463587885
