scenario_name,policy_name,switch_penalty_ms,decision_count,switch_rate,mean_penalized_latency_ms,mean_penalized_decision_gap_ms,success_rate_under_60ms,p95_penalized_latency_ms,cvar95_penalized_latency_ms
in_distribution,random,5.0,74,0.8243243243243243,46.84827168024235,10.029655316687169,0.8243243243243243,79.20035202539621,96.45615646776628
in_distribution,random,10.0,74,0.8243243243243243,50.96989330186397,14.151276938308794,0.7837837837837838,83.45544948026775,100.20615646776628
in_distribution,random,20.0,74,0.8243243243243243,59.2131365451072,22.394520181552036,0.6351351351351351,89.71047011370412,107.91030593990268
in_distribution,best_historical_path,5.0,74,0.7837837837837838,41.58601398788936,4.767397624334188,0.8918918918918919,69.0193334228696,76.61559383289513
in_distribution,best_historical_path,10.0,74,0.7837837837837838,45.50493290680828,8.686316543253106,0.8648648648648649,72.79721090373513,80.36559383289513
in_distribution,best_historical_path,20.0,74,0.7837837837837838,53.34277074464612,16.524154381090945,0.7702702702702703,79.6994588037693,90.25367800251851
in_distribution,highest_reply_availability,5.0,74,0.8108108108108109,46.36661646539513,9.54800010183996,0.8243243243243243,84.31814672508615,96.45615646776628
in_distribution,highest_reply_availability,10.0,74,0.8108108108108109,50.42067051944919,13.602054155894015,0.7837837837837838,88.57324417995768,100.20615646776628
in_distribution,highest_reply_availability,20.0,74,0.8108108108108109,58.5287786275573,21.710162264002122,0.6621621621621622,92.4662057212294,109.87868851670648
in_distribution,reactive_greedy,5.0,74,0.7972972972972973,42.423510223872356,5.604893860317176,0.8783783783783784,68.55078424122566,74.96857565431532
in_distribution,reactive_greedy,10.0,74,0.7972972972972973,46.40999671035884,9.591380346803664,0.8378378378378378,71.08100324124092,75.5683931543026
in_distribution,reactive_greedy,20.0,74,0.7972972972972973,54.382969683331815,17.564353319776636,0.7432432432432432,76.8273870443821,80.21637656839802
in_distribution,predictive_greedy,5.0,74,0.8108108108108109,41.3998470907122,4.581230727157013,0.8783783783783784,68.55078424122566,75.36559383289513
in_distribution,predictive_greedy,10.0,74,0.8108108108108109,45.45390114476625,8.635284781211066,0.8513513513513513,71.08100324124092,78.46541133288241
in_distribution,predictive_greedy,20.0,74,0.8108108108108109,53.56200925287436,16.74339288931918,0.7567567567567568,78.26995002091634,87.33241780046794
in_distribution,predictive_graph_greedy,5.0,74,0.8243243243243243,41.32845742845266,4.509841064897485,0.8783783783783784,68.55078424122566,75.36559383289513
in_distribution,predictive_graph_greedy,10.0,74,0.8243243243243243,45.450079050074294,8.631462686519107,0.8513513513513513,71.08100324124092,78.46541133288241
in_distribution,predictive_graph_greedy,20.0,74,0.8243243243243243,53.69332229331752,16.87470592976235,0.7702702702702703,78.26995002091634,87.33241780046794
in_distribution,predictive_simple_fusion_greedy,5.0,74,0.8243243243243243,41.324861212842656,4.506244849287484,0.8783783783783784,68.55078424122566,75.36559383289513
in_distribution,predictive_simple_fusion_greedy,10.0,74,0.8243243243243243,45.44648283446429,8.627866470909106,0.8513513513513513,71.08100324124092,78.46541133288241
in_distribution,predictive_simple_fusion_greedy,20.0,74,0.8243243243243243,53.68972607770752,16.87110971415235,0.7702702702702703,78.26995002091634,87.33241780046794
in_distribution,predictive_consensus_greedy,5.0,74,0.8243243243243243,41.32845742845266,4.509841064897485,0.8783783783783784,68.55078424122566,75.36559383289513
in_distribution,predictive_consensus_greedy,10.0,74,0.8243243243243243,45.450079050074294,8.631462686519107,0.8513513513513513,71.08100324124092,78.46541133288241
in_distribution,predictive_consensus_greedy,20.0,74,0.8243243243243243,53.69332229331752,16.87470592976235,0.7702702702702703,78.26995002091634,87.33241780046794
in_distribution,ensemble_uncertainty_selector,5.0,74,0.8108108108108109,41.56310358480211,4.744487221246933,0.8783783783783784,68.55078424122566,75.36559383289513
in_distribution,ensemble_uncertainty_selector,10.0,74,0.8108108108108109,45.617157638856156,8.798541275300986,0.8513513513513513,71.08100324124092,78.46541133288241
in_distribution,ensemble_uncertainty_selector,20.0,74,0.8108108108108109,53.72526574696427,16.906649383409093,0.7702702702702703,78.26995002091634,87.33241780046794
in_distribution,conformal_uncertainty_selector,5.0,74,0.8108108108108109,41.97004001669771,5.151423653142531,0.8918918918918919,69.0193334228696,76.61559383289513
in_distribution,conformal_uncertainty_selector,10.0,74,0.8108108108108109,46.024094070751765,9.205477707196582,0.8513513513513513,72.79721090373513,80.36559383289513
in_distribution,conformal_uncertainty_selector,20.0,74,0.8108108108108109,54.13220217885987,17.313585815304695,0.7702702702702703,79.6994588037693,90.25367800251851
in_distribution,disagreement_aware_selector,5.0,74,0.8108108108108109,41.52556450724899,4.706948143693815,0.8783783783783784,68.55078424122566,75.36559383289513
in_distribution,disagreement_aware_selector,10.0,74,0.8108108108108109,45.57961856130304,8.761002197747867,0.8513513513513513,71.08100324124092,78.46541133288241
in_distribution,disagreement_aware_selector,20.0,74,0.8108108108108109,53.687726669411155,16.869110305855976,0.7702702702702703,78.26995002091634,87.33241780046794
temporal_shift,random,5.0,28,0.32142857142857145,44.80981825063157,5.940434365596985,0.9285714285714286,59.04832499664143,61.88279438294873
temporal_shift,random,10.0,28,0.32142857142857145,46.41696110777443,7.547577222739842,0.8928571428571429,60.990990270510466,64.70390317273043
temporal_shift,random,20.0,28,0.32142857142857145,49.63124682206014,10.761862937025558,0.8214285714285714,69.67024817518248,74.70390317273043
temporal_shift,best_historical_path,5.0,28,0.07142857142857142,41.82620959413277,2.9568257090981827,0.9642857142857143,57.50034419754227,59.38279438294873
temporal_shift,best_historical_path,10.0,28,0.07142857142857142,42.18335245127563,3.31396856624104,0.9285714285714286,59.74002072120238,60.89465763357595
temporal_shift,best_historical_path,20.0,28,0.07142857142857142,42.89763816556134,4.028254280526754,0.9285714285714286,59.74002072120238,65.89465763357595
temporal_shift,highest_reply_availability,5.0,28,0.75,49.583932345563376,10.714548460528794,0.8571428571428571,69.25816033357098,72.37094853616422
temporal_shift,highest_reply_availability,10.0,28,0.75,53.333932345563376,14.464548460528794,0.7142857142857143,74.25816033357098,77.37094853616422
temporal_shift,highest_reply_availability,20.0,28,0.75,60.833932345563376,21.964548460528796,0.5357142857142857,84.25816033357098,87.37094853616422
temporal_shift,reactive_greedy,5.0,28,0.7142857142857143,46.998020652135615,8.128636767101034,0.8928571428571429,65.1588248020949,70.56376735810568
temporal_shift,reactive_greedy,10.0,28,0.7142857142857143,50.569449223564185,11.700065338529607,0.8214285714285714,68.91479435449418,75.56376735810568
temporal_shift,reactive_greedy,20.0,28,0.7142857142857143,57.71230636642132,18.842922481386747,0.5714285714285714,78.91479435449418,85.56376735810568
temporal_shift,predictive_greedy,5.0,28,0.5,44.17280615593677,5.303422270902179,0.9285714285714286,58.62383113871015,62.291004560167565
temporal_shift,predictive_greedy,10.0,28,0.5,46.67280615593677,7.803422270902179,0.9285714285714286,60.32420566966701,64.79100456016756
temporal_shift,predictive_greedy,20.0,28,0.5,51.67280615593677,12.803422270902178,0.75,69.14243578543241,74.43480002570008
temporal_shift,predictive_graph_greedy,5.0,28,0.4642857142857143,42.73239168781699,3.863007802782412,0.9285714285714286,58.62383113871015,62.291004560167565
temporal_shift,predictive_graph_greedy,10.0,28,0.4642857142857143,45.053820259245576,6.184436374210983,0.9285714285714286,59.60550168024013,64.79100456016756
temporal_shift,predictive_graph_greedy,20.0,28,0.4642857142857143,49.696677402102715,10.827293517068126,0.75,67.79770271502096,73.40808004080455
temporal_shift,predictive_simple_fusion_greedy,5.0,28,0.4642857142857143,42.93805261079148,4.068668725756895,0.9285714285714286,58.62383113871015,62.291004560167565
temporal_shift,predictive_simple_fusion_greedy,10.0,28,0.4642857142857143,45.25948118222005,6.390097297185467,0.9285714285714286,59.60550168024013,64.79100456016756
temporal_shift,predictive_simple_fusion_greedy,20.0,28,0.4642857142857143,49.902338325077196,11.03295444004261,0.75,67.79770271502096,73.40808004080455
temporal_shift,predictive_consensus_greedy,5.0,28,0.5,43.17284801103336,4.303464125998774,0.9285714285714286,58.62383113871015,62.291004560167565
temporal_shift,predictive_consensus_greedy,10.0,28,0.5,45.67284801103336,6.803464125998774,0.9285714285714286,59.60550168024013,64.79100456016756
temporal_shift,predictive_consensus_greedy,20.0,28,0.5,50.67284801103336,11.803464125998774,0.75,67.79770271502096,73.40808004080455
temporal_shift,ensemble_uncertainty_selector,5.0,28,0.35714285714285715,42.15560723864132,3.286223353606735,0.9642857142857143,57.07585033961099,59.38279438294873
temporal_shift,ensemble_uncertainty_selector,10.0,28,0.35714285714285715,43.94132152435561,5.07193763932102,0.9642857142857143,59.27695482639466,60.21734430932676
temporal_shift,ensemble_uncertainty_selector,20.0,28,0.35714285714285715,47.51275009578418,8.64336621074959,0.8214285714285714,67.70053242864056,68.83441978996376
temporal_shift,conformal_uncertainty_selector,5.0,28,0.35714285714285715,42.97022239714318,4.100838512108596,0.9642857142857143,57.07585033961099,59.38279438294873
temporal_shift,conformal_uncertainty_selector,10.0,28,0.35714285714285715,44.75593668285747,5.886552797822882,0.9642857142857143,59.27695482639466,60.21734430932676
temporal_shift,conformal_uncertainty_selector,20.0,28,0.35714285714285715,48.32736525428603,9.457981369251453,0.8214285714285714,67.70053242864056,68.83441978996376
temporal_shift,disagreement_aware_selector,5.0,28,0.5,43.4843784645526,4.6149945795180125,0.8928571428571429,65.02576784525557,65.90786537439175
temporal_shift,disagreement_aware_selector,10.0,28,0.5,45.9843784645526,7.114994579518012,0.8928571428571429,68.04026284649781,69.79100456016756
temporal_shift,disagreement_aware_selector,20.0,28,0.5,50.9843784645526,12.114994579518013,0.75,75.08819411152544,79.79100456016756
site_holdout,random,5.0,119,0.18487394957983194,44.888665985020324,6.568265677789178,0.7983193277310925,72.16621580107453,78.5004278935372
site_holdout,random,10.0,119,0.18487394957983194,45.81303573291948,7.492635425688338,0.7899159663865546,74.28230427163959,80.23571495102772
site_holdout,random,20.0,119,0.18487394957983194,47.6617752287178,9.341374921486656,0.7478991596638656,78.06771700336273,85.76746623802099
site_holdout,best_historical_path,5.0,119,0.008403361344537815,43.175607859073885,4.8552075518427324,0.7563025210084033,72.77792008346441,75.90312118170614
site_holdout,best_historical_path,10.0,119,0.008403361344537815,43.21762466579658,4.897224358565421,0.7563025210084033,73.1700751102982,76.03959292767921
site_holdout,best_historical_path,20.0,119,0.008403361344537815,43.301658279241956,4.9812579720108,0.7563025210084033,73.27061844156182,77.70625959434587
site_holdout,highest_reply_availability,5.0,119,0.5042016806722689,45.37722505474331,7.056824747512171,0.7478991596638656,74.92136348608453,78.21789073901463
site_holdout,highest_reply_availability,10.0,119,0.5042016806722689,47.89823345810466,9.577833150873513,0.7058823529411765,76.46793523122423,81.30092123354723
site_holdout,highest_reply_availability,20.0,119,0.5042016806722689,52.94025026482735,14.619849957596202,0.6302521008403361,85.8601488768963,89.16460567289441
site_holdout,reactive_greedy,5.0,119,0.5714285714285714,44.78304437511845,6.462644067887298,0.8067226890756303,75.32860100438776,78.70551703059309
site_holdout,reactive_greedy,10.0,119,0.5714285714285714,47.640187232261304,9.319786925030154,0.7899159663865546,79.45160144027605,83.01841653077507
site_holdout,reactive_greedy,20.0,119,0.5714285714285714,53.35447294654702,15.034072639315868,0.680672268907563,88.67386952473113,93.01841653077507
site_holdout,predictive_greedy,5.0,119,0.3277310924369748,41.579262578364286,3.258862271133147,0.865546218487395,70.48644791776255,74.58572057986449
site_holdout,predictive_greedy,10.0,119,0.3277310924369748,43.217918040549165,4.897517733318021,0.865546218487395,70.86943693059645,76.25238724653116
site_holdout,predictive_greedy,20.0,119,0.3277310924369748,46.49522896491891,8.174828657687769,0.8235294117647058,76.37588260157631,83.19729744468462
site_holdout,predictive_graph_greedy,5.0,119,0.42016806722689076,42.841207070713104,4.520806763481953,0.8151260504201681,71.12743142579303,80.10312996808567
site_holdout,predictive_graph_greedy,10.0,119,0.42016806722689076,44.94204740684756,6.621647099616406,0.8151260504201681,75.05695614584556,84.26979663475234
site_holdout,predictive_graph_greedy,20.0,119,0.42016806722689076,49.143728079116464,10.823327771885314,0.7563025210084033,82.86900230657002,93.53003041052948
site_holdout,predictive_simple_fusion_greedy,5.0,119,0.31092436974789917,41.454363042004665,3.1339627347735246,0.865546218487395,68.86153368478764,73.0046288970335
site_holdout,predictive_simple_fusion_greedy,10.0,119,0.31092436974789917,43.008984890744166,4.6885845835130215,0.865546218487395,70.46846008896249,73.90888612163238
site_holdout,predictive_simple_fusion_greedy,20.0,119,0.31092436974789917,46.118228588223154,7.797828280992013,0.8151260504201681,74.3955133636553,80.06749198953659
site_holdout,predictive_consensus_greedy,5.0,119,0.29411764705882354,41.47528111995688,3.154880812725744,0.865546218487395,70.48644791776255,74.58572057986449
site_holdout,predictive_consensus_greedy,10.0,119,0.29411764705882354,42.945869355251,4.625469048019862,0.865546218487395,70.86943693059645,76.25238724653116
site_holdout,predictive_consensus_greedy,20.0,119,0.29411764705882354,45.88704582583924,7.566645518608097,0.8235294117647058,76.37588260157631,83.19729744468462
site_holdout,ensemble_uncertainty_selector,5.0,119,0.33613445378151263,41.4418599872211,3.1214596799899628,0.8907563025210085,70.48644791776255,74.58572057986449
site_holdout,ensemble_uncertainty_selector,10.0,119,0.33613445378151263,43.122532256128665,4.802131948897526,0.8907563025210085,70.48644791776255,76.25238724653116
site_holdout,ensemble_uncertainty_selector,20.0,119,0.33613445378151263,46.48387679394379,8.163476486712652,0.8403361344537815,71.03966278807214,80.43610320161513
site_holdout,conformal_uncertainty_selector,5.0,119,0.37815126050420167,42.03114442972801,3.7107441224968567,0.865546218487395,71.3069244213027,75.71389160412393
site_holdout,conformal_uncertainty_selector,10.0,119,0.37815126050420167,43.921900732249014,5.601500425017865,0.8487394957983193,74.40636924212414,79.38719024539525
site_holdout,conformal_uncertainty_selector,20.0,119,0.37815126050420167,47.70341333729103,9.383013030059882,0.7899159663865546,80.60133886959446,87.96845480566681
site_holdout,disagreement_aware_selector,5.0,119,0.2773109243697479,41.182604120872774,2.8622038136416372,0.8907563025210085,70.48644791776255,74.58572057986449
site_holdout,disagreement_aware_selector,10.0,119,0.2773109243697479,42.56915874272151,4.248758435490377,0.8907563025210085,70.48644791776255,76.25238724653116
site_holdout,disagreement_aware_selector,20.0,119,0.2773109243697479,45.342267986419,7.0218676791878565,0.8403361344537815,71.03966278807214,80.43610320161513
operational_mild,random,5.0,28,0.32142857142857145,51.55661563831527,10.147404703490484,0.7142857142857143,68.7298522976859,70.92421123465317
operational_mild,random,10.0,28,0.32142857142857145,53.163758495458126,11.754547560633341,0.6428571428571429,71.18767655182567,73.42421123465317
operational_mild,random,20.0,28,0.32142857142857145,56.37804420974384,14.968833274919055,0.5714285714285714,76.30507503041531,81.11987536563589
operational_mild,best_historical_path,5.0,28,0.07142857142857142,46.63963434996077,5.230423415135986,0.8214285714285714,66.87940067505481,70.47012764682077
operational_mild,best_historical_path,10.0,28,0.07142857142857142,46.99677720710363,5.587566272278843,0.7857142857142857,66.87940067505481,70.47012764682077
operational_mild,best_historical_path,20.0,28,0.07142857142857142,47.71106292138934,6.301851986564557,0.7857142857142857,70.1390884469088,72.00823904174771
operational_mild,highest_reply_availability,5.0,28,0.6785714285714286,49.446775295158446,8.037564360333667,0.8571428571428571,67.47555695409845,69.87094853616422
operational_mild,highest_reply_availability,10.0,28,0.6785714285714286,52.83963243801559,11.43042150319081,0.7142857142857143,69.84770705703497,73.40786537439175
operational_mild,highest_reply_availability,20.0,28,0.6785714285714286,59.625346723729876,18.216135788905095,0.5,79.56518153257679,83.40786537439175
operational_mild,reactive_greedy,5.0,28,0.6785714285714286,47.92494441731825,6.5157334824934745,0.75,67.14284637351315,68.06376735810568
operational_mild,reactive_greedy,10.0,28,0.6785714285714286,51.31780156017539,9.908590625350618,0.6785714285714286,70.02576784525557,71.60068419633322
operational_mild,reactive_greedy,20.0,28,0.6785714285714286,58.103515845889675,16.694304911064904,0.5,80.02576784525557,81.60068419633322
operational_mild,predictive_greedy,5.0,28,0.5,48.32025775520392,6.911046820379142,0.8214285714285714,69.90915989236692,72.97012764682077
operational_mild,predictive_greedy,10.0,28,0.5,50.82025775520392,9.411046820379141,0.8214285714285714,71.47342367587886,75.47012764682077
operational_mild,predictive_greedy,20.0,28,0.5,55.82025775520392,14.411046820379141,0.6071428571428571,76.83574826079979,83.57400195502233
operational_mild,predictive_graph_greedy,5.0,28,0.5,49.76704368380501,8.357832748980224,0.75,73.02095244282567,82.0386516289799
operational_mild,predictive_graph_greedy,10.0,28,0.5,52.26704368380501,10.857832748980226,0.75,76.87940067505481,87.0386516289799
operational_mild,predictive_graph_greedy,20.0,28,0.5,57.26704368380501,15.857832748980226,0.6428571428571429,86.87940067505481,97.0386516289799
operational_mild,predictive_simple_fusion_greedy,5.0,28,0.5,47.351599641405734,5.942388706580956,0.7857142857142857,70.75090628522466,72.97012764682077
operational_mild,predictive_simple_fusion_greedy,10.0,28,0.5,49.851599641405734,8.442388706580955,0.7857142857142857,72.50090628522467,75.47012764682077
operational_mild,predictive_simple_fusion_greedy,20.0,28,0.5,54.851599641405734,13.442388706580955,0.6428571428571429,80.91664226532595,85.04183425408776
operational_mild,predictive_consensus_greedy,5.0,28,0.5714285714285714,49.266162485136306,7.856951550311528,0.75,73.02095244282567,82.0386516289799
operational_mild,predictive_consensus_greedy,10.0,28,0.5714285714285714,52.12330534227916,10.714094407454386,0.75,76.87940067505481,87.0386516289799
operational_mild,predictive_consensus_greedy,20.0,28,0.5714285714285714,57.837591056564875,16.4283801217401,0.6071428571428571,86.87940067505481,97.0386516289799
operational_mild,ensemble_uncertainty_selector,5.0,28,0.42857142857142855,45.73097622131605,4.321765286491271,0.8571428571428571,69.25816033357098,72.02144678256352
operational_mild,ensemble_uncertainty_selector,10.0,28,0.42857142857142855,47.873833364173194,6.464622429348415,0.8571428571428571,72.02120467441753,74.52144678256352
operational_mild,ensemble_uncertainty_selector,20.0,28,0.42857142857142855,52.15954764988748,10.750336715062701,0.6785714285714286,77.85305582951447,83.40786537439175
operational_mild,conformal_uncertainty_selector,5.0,28,0.4642857142857143,46.79078748049041,5.381576545665631,0.8214285714285714,69.90915989236692,72.97012764682077
operational_mild,conformal_uncertainty_selector,10.0,28,0.4642857142857143,49.112216051918985,7.703005117094202,0.8214285714285714,71.47342367587886,75.47012764682077
operational_mild,conformal_uncertainty_selector,20.0,28,0.4642857142857143,53.755073194776124,12.345862259951344,0.6428571428571429,76.83574826079979,83.57400195502233
operational_mild,disagreement_aware_selector,5.0,28,0.5,47.22921644947986,5.820005514655079,0.7857142857142857,66.69844483528288,69.87241826740477
operational_mild,disagreement_aware_selector,10.0,28,0.5,49.72921644947986,8.320005514655078,0.7857142857142857,71.46442326386463,72.37241826740477
operational_mild,disagreement_aware_selector,20.0,28,0.5,54.72921644947986,13.320005514655081,0.6428571428571429,80.02576784525557,81.258836859233
operational_moderate,random,5.0,28,0.32142857142857145,64.7788578666233,20.039493257483432,0.39285714285714285,91.5469021191572,94.01591084979175
operational_moderate,random,10.0,28,0.32142857142857145,66.38600072376616,21.64663611462629,0.39285714285714285,94.79690211915718,99.01591084979175
operational_moderate,random,20.0,28,0.32142857142857145,69.60028643805187,24.860921828912005,0.32142857142857145,101.29690211915717,109.01591084979175
operational_moderate,best_historical_path,5.0,28,0.07142857142857142,59.0149602525545,14.275595643414643,0.5714285714285714,91.38987719040418,91.51591084979175
operational_moderate,best_historical_path,10.0,28,0.07142857142857142,59.37210310969736,14.6327385005575,0.5714285714285714,91.38987719040418,94.01591084979175
operational_moderate,best_historical_path,20.0,28,0.07142857142857142,60.08638882398308,15.347024214843215,0.5714285714285714,91.38987719040418,99.01591084979175
operational_moderate,highest_reply_availability,5.0,28,0.6785714285714286,53.735803349767025,8.996438740627147,0.75,91.41292158654521,101.56039903163666
operational_moderate,highest_reply_availability,10.0,28,0.6785714285714286,57.12866049262417,12.38929588348429,0.6428571428571429,96.41292158654521,106.56039903163666
operational_moderate,highest_reply_availability,20.0,28,0.6785714285714286,63.914374778338434,19.175010169198575,0.5357142857142857,106.41292158654521,116.56039903163666
operational_moderate,reactive_greedy,5.0,28,0.4642857142857143,50.24942260529048,5.510057996150613,0.8214285714285714,87.03315931508536,99.06039903163666
operational_moderate,reactive_greedy,10.0,28,0.4642857142857143,52.57085117671905,7.8314865675791845,0.7857142857142857,88.78315931508536,101.56039903163666
operational_moderate,reactive_greedy,20.0,28,0.4642857142857143,57.2137083195762,12.474343710436328,0.6428571428571429,93.0571792935274,107.85043232904005
operational_moderate,predictive_greedy,5.0,28,0.5,54.30174446526358,9.562379856123716,0.6428571428571429,88.367326663229,90.50401143840621
operational_moderate,predictive_greedy,10.0,28,0.5,56.80174446526358,12.062379856123716,0.6428571428571429,88.91165082500919,90.50401143840621
operational_moderate,predictive_greedy,20.0,28,0.5,61.80174446526358,17.062379856123716,0.5357142857142857,95.15530922623856,97.38479648803765
operational_moderate,predictive_graph_greedy,5.0,28,0.5,54.90557472141934,10.166210112279472,0.6428571428571429,88.56282687458742,90.50401143840621
operational_moderate,predictive_graph_greedy,10.0,28,0.5,57.40557472141934,12.666210112279472,0.6428571428571429,90.76684880895525,91.48249715937479
operational_moderate,predictive_graph_greedy,20.0,28,0.5,62.40557472141934,17.666210112279476,0.5357142857142857,95.15530922623856,99.38647655886368
operational_moderate,predictive_simple_fusion_greedy,5.0,28,0.4642857142857143,53.542488304351785,8.803123695211927,0.7142857142857143,88.367326663229,90.50401143840621
operational_moderate,predictive_simple_fusion_greedy,10.0,28,0.4642857142857143,55.86391687578036,11.124552266640498,0.6785714285714286,88.91165082500919,90.50401143840621
operational_moderate,predictive_simple_fusion_greedy,20.0,28,0.4642857142857143,60.5067740186375,15.76740940949764,0.5714285714285714,95.15530922623856,97.38479648803765
operational_moderate,predictive_consensus_greedy,5.0,28,0.42857142857142855,54.05629813261015,9.316933523470283,0.6785714285714286,88.56282687458742,90.50401143840621
operational_moderate,predictive_consensus_greedy,10.0,28,0.42857142857142855,56.1991552754673,11.459790666327425,0.6785714285714286,90.76684880895525,91.48249715937479
operational_moderate,predictive_consensus_greedy,20.0,28,0.42857142857142855,60.48486956118158,15.745504952041712,0.5714285714285714,95.15530922623856,99.38647655886368
operational_moderate,ensemble_uncertainty_selector,5.0,28,0.5714285714285714,51.26272029072492,6.523355681585062,0.75,84.82061044117413,88.70321114314847
operational_moderate,ensemble_uncertainty_selector,10.0,28,0.5714285714285714,54.119863147867775,9.380498538727919,0.75,87.44380699268471,89.48081708854875
operational_moderate,ensemble_uncertainty_selector,20.0,28,0.5714285714285714,59.83414886215349,15.09478425301363,0.5714285714285714,95.15530922623856,97.38479648803765
operational_moderate,conformal_uncertainty_selector,5.0,28,0.4642857142857143,52.611862793304475,7.872498184164615,0.6785714285714286,88.367326663229,93.00401143840621
operational_moderate,conformal_uncertainty_selector,10.0,28,0.4642857142857143,54.93329136473305,10.193926755593186,0.6785714285714286,88.91165082500919,95.50401143840621
operational_moderate,conformal_uncertainty_selector,20.0,28,0.4642857142857143,59.57614850759019,14.836783898450326,0.6071428571428571,97.44380699268471,104.48081708854875
operational_moderate,disagreement_aware_selector,5.0,28,0.42857142857142855,54.21966456444138,9.480299955301515,0.6785714285714286,88.56282687458742,90.50401143840621
operational_moderate,disagreement_aware_selector,10.0,28,0.42857142857142855,56.36252170729853,11.623157098158657,0.6785714285714286,90.76684880895525,91.48249715937479
operational_moderate,disagreement_aware_selector,20.0,28,0.42857142857142855,60.64823599301281,15.908871383872944,0.5714285714285714,95.15530922623856,99.38647655886368
operational_severe,random,5.0,28,0.32142857142857145,76.56480347237479,24.147081283670534,0.39285714285714285,109.21867375284239,114.79792614289775
operational_severe,random,10.0,28,0.32142857142857145,78.17194632951767,25.754224140813392,0.35714285714285715,111.12892549650736,117.62160668689992
operational_severe,random,20.0,28,0.32142857142857145,81.38623204380337,28.968509855099107,0.32142857142857145,117.62892549650735,127.62160668689992
operational_severe,best_historical_path,5.0,28,0.07142857142857142,77.41017454833259,24.99245235962832,0.32142857142857145,109.21867375284239,112.29792614289775
operational_severe,best_historical_path,10.0,28,0.07142857142857142,77.76731740547544,25.349595216771178,0.2857142857142857,109.21867375284239,112.29792614289775
operational_severe,best_historical_path,20.0,28,0.07142857142857142,78.48160311976116,26.063880931056893,0.2857142857142857,109.21867375284239,112.29792614289775
operational_severe,highest_reply_availability,5.0,28,0.6785714285714286,61.93636294164329,9.518640752939033,0.6428571428571429,114.12319902377183,115.0578480678184
operational_severe,highest_reply_availability,10.0,28,0.6785714285714286,65.32922008450043,12.911497895796176,0.5714285714285714,117.37319902377183,120.0578480678184
operational_severe,highest_reply_availability,20.0,28,0.6785714285714286,72.11493437021473,19.697212181510462,0.42857142857142855,127.17289270823998,130.05784806781838
operational_severe,reactive_greedy,5.0,28,0.6071428571428571,58.41142506023035,5.993702871526081,0.6785714285714286,113.2230951964039,121.93584160433844
operational_severe,reactive_greedy,10.0,28,0.6071428571428571,61.44713934594464,9.029417157240365,0.6428571428571429,118.2230951964039,126.93584160433844
operational_severe,reactive_greedy,20.0,28,0.6071428571428571,67.5185679173732,15.100845728668938,0.5357142857142857,128.2230951964039,136.93584160433844
operational_severe,predictive_greedy,5.0,28,0.5,68.88036997591924,16.462647787214987,0.5,110.78340718860618,110.8448156927027
operational_severe,predictive_greedy,10.0,28,0.5,71.38036997591924,18.962647787214983,0.4642857142857143,111.72006161925147,114.00201991086783
operational_severe,predictive_greedy,20.0,28,0.5,76.38036997591925,23.962647787214983,0.39285714285714285,121.032282009143,124.00201991086783
operational_severe,predictive_graph_greedy,5.0,28,0.5,66.50531016457113,14.087587975866885,0.5,110.7381987419995,113.26603801953657
operational_severe,predictive_graph_greedy,10.0,28,0.5,69.00531016457113,16.587587975866885,0.5,115.7381987419995,118.26603801953657
operational_severe,predictive_graph_greedy,20.0,28,0.5,74.00531016457113,21.58758797586688,0.4642857142857143,125.7381987419995,128.26603801953655
operational_severe,predictive_simple_fusion_greedy,5.0,28,0.4642857142857143,68.50809279164098,16.09037060293674,0.4642857142857143,110.7381987419995,113.26603801953657
operational_severe,predictive_simple_fusion_greedy,10.0,28,0.4642857142857143,70.82952136306956,18.41179917436531,0.4642857142857143,115.7381987419995,118.26603801953657
operational_severe,predictive_simple_fusion_greedy,20.0,28,0.4642857142857143,75.4723785059267,23.054656317222452,0.42857142857142855,125.7381987419995,128.26603801953655
operational_severe,predictive_consensus_greedy,5.0,28,0.4642857142857143,68.09185130720525,15.674129118500998,0.4642857142857143,110.7381987419995,113.26603801953657
operational_severe,predictive_consensus_greedy,10.0,28,0.4642857142857143,70.41327987863382,17.99555768992957,0.4642857142857143,115.7381987419995,118.26603801953657
operational_severe,predictive_consensus_greedy,20.0,28,0.4642857142857143,75.05613702149095,22.638414832786708,0.42857142857142855,125.7381987419995,128.26603801953655
operational_severe,ensemble_uncertainty_selector,5.0,28,0.6071428571428571,58.495119610600064,6.077397421895817,0.6785714285714286,110.67477031131524,113.3448156927027
operational_severe,ensemble_uncertainty_selector,10.0,28,0.6071428571428571,61.53083389631435,9.113111707610104,0.6428571428571429,115.67477031131524,118.3448156927027
operational_severe,ensemble_uncertainty_selector,20.0,28,0.6071428571428571,67.60226246774292,15.184540279038673,0.5,125.67477031131524,128.3448156927027
operational_severe,conformal_uncertainty_selector,5.0,28,0.5,67.59687273781289,15.179150549108636,0.5,110.85107982558293,113.28691846247067
operational_severe,conformal_uncertainty_selector,10.0,28,0.5,70.09687273781289,17.679150549108634,0.4642857142857143,114.08855155982246,118.26603801953657
operational_severe,conformal_uncertainty_selector,20.0,28,0.5,75.09687273781289,22.679150549108634,0.39285714285714285,123.400771949714,128.26603801953655
operational_severe,disagreement_aware_selector,5.0,28,0.4642857142857143,66.70481626686399,14.28709407815974,0.5,110.7211755028487,113.26603801953657
operational_severe,disagreement_aware_selector,10.0,28,0.4642857142857143,69.02624483829256,16.608522649588313,0.4642857142857143,115.7211755028487,118.26603801953657
operational_severe,disagreement_aware_selector,20.0,28,0.4642857142857143,73.6691019811497,21.25137979244545,0.42857142857142855,125.7211755028487,128.26603801953655
