row_id,model_name,y_true,y_pred,relative_path,location,path_state,session_bin_index,bin_epoch,bin_start_utc,latency_mean_ms,target_next,burst_indicator,reply_pressure_score,peer_latency_mean,peer_burst_indicator_mean,location_degree,target_degree
0,graph_xgboost,38.223700092850514,39.62617492675781,inside-out/active/brisbane/2025-03-20/ping-sydyaus1-2406:2d40:4600:8118::1-10ms-1h-2025-03-20-20-00-00.txt,brisbane,active,51,1742503860,2025-03-20 20:51:00,29.969971484974774,38.223700092850514,0.3226307580548009,-0.0584274880049529,40.701123698303626,0.3867921481654448,1.0,1.0
1,graph_xgboost,34.94806936416185,44.93247985839844,inside-out/active/brisbane/2025-03-20/ping-sydyaus1-2406:2d40:4600:8118::1-10ms-1h-2025-03-20-20-00-00.txt,brisbane,active,52,1742503920,2025-03-20 20:52:00,38.223700092850514,34.94806936416185,0.40985199987805615,0.015389303672101118,35.19332732088968,0.3601793039984199,1.0,1.0
2,graph_xgboost,34.46817436137802,34.07981872558594,inside-out/active/brisbane/2025-03-20/ping-sydyaus1-2406:2d40:4600:8118::1-10ms-1h-2025-03-20-20-00-00.txt,brisbane,active,53,1742503980,2025-03-20 20:53:00,34.94806936416185,34.46817436137802,0.384612790335829,0.016449363250454763,39.79840101475542,0.38653854518096675,1.0,1.0
3,graph_xgboost,35.82728548047697,33.996517181396484,inside-out/active/brisbane/2025-03-20/ping-sydyaus1-2406:2d40:4600:8118::1-10ms-1h-2025-03-20-20-00-00.txt,brisbane,active,54,1742504040,2025-03-20 20:54:00,34.46817436137802,35.82728548047697,0.3417633345245585,0.007674418604651123,37.89025559800043,0.38005958003659673,1.0,1.0
4,graph_xgboost,33.74127810650887,38.2007942199707,inside-out/active/brisbane/2025-03-20/ping-sydyaus1-2406:2d40:4600:8118::1-10ms-1h-2025-03-20-20-00-00.txt,brisbane,active,55,1742504100,2025-03-20 20:55:00,35.82728548047697,33.74127810650887,0.34795619143604456,0.002952832387908999,35.61507985127525,0.36552040463608976,1.0,1.0
5,graph_xgboost,39.04531400966184,36.10943603515625,inside-out/active/brisbane/2025-03-20/ping-sydyaus1-2406:2d40:4600:8118::1-10ms-1h-2025-03-20-20-00-00.txt,brisbane,active,56,1742504160,2025-03-20 20:56:00,33.74127810650887,39.04531400966184,0.3369523206770058,0.007361578823713577,42.6128793086872,0.4035618901114308,1.0,1.0
6,graph_xgboost,37.20909303960628,39.284149169921875,inside-out/active/brisbane/2025-03-20/ping-sydyaus1-2406:2d40:4600:8118::1-10ms-1h-2025-03-20-20-00-00.txt,brisbane,active,57,1742504220,2025-03-20 20:57:00,39.04531400966184,37.20909303960628,0.3899424496528146,0.017560512577123877,36.59402796880991,0.36795611511846277,1.0,1.0
7,graph_xgboost,42.084791615890815,38.09409713745117,inside-out/active/brisbane/2025-03-20/ping-sydyaus1-2406:2d40:4600:8118::1-10ms-1h-2025-03-20-20-00-00.txt,brisbane,active,58,1742504280,2025-03-20 20:58:00,37.20909303960628,42.084791615890815,0.3627652418791989,-0.013378720709309677,39.27846937743479,0.3784794035095029,1.0,1.0
8,graph_xgboost,39.516666666666666,37.590511322021484,inside-out/active/brisbane/2025-03-20/ping-sydyaus1-2406:2d40:4600:8118::1-10ms-1h-2025-03-20-20-00-00.txt,brisbane,active,59,1742504340,2025-03-20 20:59:00,42.084791615890815,39.516666666666666,0.38179279375390224,0.016067146282973566,46.560576386872924,0.3959236892325432,1.0,1.0
9,graph_xgboost,29.142605061527743,31.470521926879883,inside-out/active/bruhl/2025-03-27/ping-frntdeu1-2a0d:3341:b100:1e99::1-10ms-1h-2025-03-27-03-00-00.txt,bruhl,active,51,1743047460,2025-03-27 03:51:00,35.31885401806942,29.142605061527743,0.3993782123995333,0.012907768129547081,40.344531529430654,0.3816756512091294,1.0,1.0
10,graph_xgboost,29.473612764944033,29.60881996154785,inside-out/active/bruhl/2025-03-27/ping-frntdeu1-2a0d:3341:b100:1e99::1-10ms-1h-2025-03-27-03-00-00.txt,bruhl,active,52,1743047520,2025-03-27 03:52:00,29.142605061527743,29.473612764944033,0.33931863086046293,-0.011903829587281756,35.7987336563112,0.3648815285995928,1.0,1.0
11,graph_xgboost,29.340230696798493,32.13397979736328,inside-out/active/bruhl/2025-03-27/ping-frntdeu1-2a0d:3341:b100:1e99::1-10ms-1h-2025-03-27-03-00-00.txt,bruhl,active,53,1743047580,2025-03-27 03:53:00,29.473612764944033,29.340230696798493,0.35376697052375555,0.009046570169918167,40.1633647880366,0.3885949331684383,1.0,1.0
12,graph_xgboost,30.994528802120993,31.75403594970703,inside-out/active/bruhl/2025-03-27/ping-frntdeu1-2a0d:3341:b100:1e99::1-10ms-1h-2025-03-27-03-00-00.txt,bruhl,active,54,1743047640,2025-03-27 03:54:00,29.340230696798493,30.994528802120993,0.3357315898872652,0.0007840677434529653,38.2321185089724,0.38046169634574967,1.0,1.0
13,graph_xgboost,32.3929329474192,30.758819580078125,inside-out/active/bruhl/2025-03-27/ping-frntdeu1-2a0d:3341:b100:1e99::1-10ms-1h-2025-03-27-03-00-00.txt,bruhl,active,55,1743047700,2025-03-27 03:55:00,30.994528802120993,32.3929329474192,0.35929474389570865,0.011829152111781593,35.93726362983231,0.3647645011387788,1.0,1.0
14,graph_xgboost,29.37820250284414,31.587770462036133,inside-out/active/bruhl/2025-03-27/ping-frntdeu1-2a0d:3341:b100:1e99::1-10ms-1h-2025-03-27-03-00-00.txt,bruhl,active,56,1743047760,2025-03-27 03:56:00,32.3929329474192,29.37820250284414,0.368604212047347,0.008371203061468546,42.70276898595984,0.4014517640200747,1.0,1.0
15,graph_xgboost,33.45215219976219,31.06293296813965,inside-out/active/bruhl/2025-03-27/ping-frntdeu1-2a0d:3341:b100:1e99::1-10ms-1h-2025-03-27-03-00-00.txt,bruhl,active,57,1743047820,2025-03-27 03:57:00,29.37820250284414,33.45215219976219,0.33295595008949747,-0.03900709219858145,37.23850206926443,0.37175521508935055,1.0,1.0
16,graph_xgboost,31.3026859995246,31.906097412109375,inside-out/active/bruhl/2025-03-27/ping-frntdeu1-2a0d:3341:b100:1e99::1-10ms-1h-2025-03-27-03-00-00.txt,bruhl,active,58,1743047880,2025-03-27 03:58:00,33.45215219976219,31.3026859995246,0.3769259465696395,0.010277734191118881,39.52893210009107,0.37753535653014025,1.0,1.0
17,graph_xgboost,33.2,32.4234733581543,inside-out/active/bruhl/2025-03-27/ping-frntdeu1-2a0d:3341:b100:1e99::1-10ms-1h-2025-03-27-03-00-00.txt,bruhl,active,59,1743047940,2025-03-27 03:59:00,31.3026859995246,33.2,0.35902806726966013,0.014523307566174704,47.90833958891871,0.39876928004307344,1.0,1.0
18,graph_xgboost,24.717385592292533,26.385082244873047,inside-out/active/kanazawa/2025-03-13/ping-2406:2d40:3000:b724::1-10ms-1h-2025-03-13-20-00-00.txt,kanazawa,active,51,1741899060,2025-03-13 20:51:00,28.32173029139372,24.717385592292533,0.40641485947180506,-0.02929551267147179,40.811006444542365,0.3812065414043112,1.0,1.0
19,graph_xgboost,26.85906612941455,26.254531860351562,inside-out/active/kanazawa/2025-03-13/ping-2406:2d40:3000:b724::1-10ms-1h-2025-03-13-20-00-00.txt,kanazawa,active,52,1741899120,2025-03-13 20:52:00,24.717385592292533,26.85906612941455,0.3714531436862363,-0.038820228978694526,36.09374828759355,0.3627392277445412,1.0,1.0
20,graph_xgboost,28.234090359990336,29.9518985748291,inside-out/active/kanazawa/2025-03-13/ping-2406:2d40:3000:b724::1-10ms-1h-2025-03-13-20-00-00.txt,kanazawa,active,53,1741899180,2025-03-13 20:53:00,26.85906612941455,28.234090359990336,0.37288165162942927,0.042079769923560106,40.3376678970719,0.38732062109472676,1.0,1.0
21,graph_xgboost,28.099727891156466,29.455474853515625,inside-out/active/kanazawa/2025-03-13/ping-2406:2d40:3000:b724::1-10ms-1h-2025-03-13-20-00-00.txt,kanazawa,active,54,1741899240,2025-03-13 20:54:00,28.234090359990336,28.099727891156466,0.3890705529870873,0.03930367504835586,38.30586119809295,0.3769057654724282,1.0,1.0
22,graph_xgboost,26.71778708397619,29.110595703125,inside-out/active/kanazawa/2025-03-13/ping-2406:2d40:3000:b724::1-10ms-1h-2025-03-13-20-00-00.txt,kanazawa,active,55,1741899300,2025-03-13 20:55:00,28.099727891156466,26.71778708397619,0.3468781536144661,-0.03618421052631571,36.13025035722994,0.36559227382419496,1.0,1.0
23,graph_xgboost,25.23971631205674,26.906612396240234,inside-out/active/kanazawa/2025-03-13/ping-2406:2d40:3000:b724::1-10ms-1h-2025-03-13-20-00-00.txt,kanazawa,active,56,1741899360,2025-03-13 20:56:00,26.71778708397619,25.23971631205674,0.3318073250047526,-0.040119211370930774,43.08111204352271,0.4039048898229144,1.0,1.0
24,graph_xgboost,27.224847632442568,27.229188919067383,inside-out/active/kanazawa/2025-03-13/ping-2406:2d40:3000:b724::1-10ms-1h-2025-03-13-20-00-00.txt,kanazawa,active,57,1741899420,2025-03-13 20:57:00,25.23971631205674,27.224847632442568,0.3382674692802259,0.015392701606847803,37.51440114865026,0.3714011138099688,1.0,1.0
25,graph_xgboost,27.445364937808023,26.160505294799805,inside-out/active/kanazawa/2025-03-13/ping-2406:2d40:3000:b724::1-10ms-1h-2025-03-13-20-00-00.txt,kanazawa,active,58,1741899480,2025-03-13 20:58:00,27.224847632442568,27.445364937808023,0.36636384356608936,0.028541065735539606,39.944085737912374,0.3782394967303768,1.0,1.0
26,graph_xgboost,23.836363636363636,29.560728073120117,inside-out/active/kanazawa/2025-03-13/ping-2406:2d40:3000:b724::1-10ms-1h-2025-03-13-20-00-00.txt,kanazawa,active,59,1741899540,2025-03-13 20:59:00,27.445364937808023,23.836363636363636,0.3616277559282192,0.008916111024965034,48.39050472163328,0.3984443189607535,1.0,1.0
27,graph_xgboost,27.417329939842663,29.16775131225586,inside-out/active/lincoln/2025-03-04/ping-dnvrcox1-2605:59c8:5000:8874::1-10ms-1h-2025-03-04-02-00-00.txt,lincoln,active,50,1741056600,2025-03-04 02:50:00,32.22610949813355,27.417329939842663,0.44839333519157343,-0.08019713261648742,39.636837812851574,0.3627827473029877,1.0,1.0
28,graph_xgboost,23.931289790143833,27.464065551757812,inside-out/active/lincoln/2025-03-04/ping-dnvrcox1-2605:59c8:5000:8874::1-10ms-1h-2025-03-04-02-00-00.txt,lincoln,active,51,1741056660,2025-03-04 02:51:00,27.417329939842663,23.931289790143833,0.3890863286796809,0.038273253226524306,40.871299801312425,0.3823617767904528,1.0,1.0
29,graph_xgboost,27.88490447197145,27.012752532958984,inside-out/active/lincoln/2025-03-04/ping-dnvrcox1-2605:59c8:5000:8874::1-10ms-1h-2025-03-04-02-00-00.txt,lincoln,active,52,1741056720,2025-03-04 02:52:00,23.931289790143833,27.88490447197145,0.35266716581717855,0.049458348898020255,36.14615467440346,0.3639916262691451,1.0,1.0
30,graph_xgboost,23.856429078853896,30.52587890625,inside-out/active/lincoln/2025-03-04/ping-dnvrcox1-2605:59c8:5000:8874::1-10ms-1h-2025-03-04-02-00-00.txt,lincoln,active,53,1741056780,2025-03-04 02:53:00,27.88490447197145,23.856429078853896,0.3791985200396008,-0.07226474561008556,40.269278674234776,0.3868994965340486,1.0,1.0
31,graph_xgboost,27.85750845002414,26.56477165222168,inside-out/active/lincoln/2025-03-04/ping-dnvrcox1-2605:59c8:5000:8874::1-10ms-1h-2025-03-04-02-00-00.txt,lincoln,active,54,1741056840,2025-03-04 02:54:00,23.856429078853896,27.85750845002414,0.359774542556778,0.04218643683374912,38.59770528350204,0.3788588328344488,1.0,1.0
32,graph_xgboost,25.46674280493376,33.45919418334961,inside-out/active/lincoln/2025-03-04/ping-dnvrcox1-2605:59c8:5000:8874::1-10ms-1h-2025-03-04-02-00-00.txt,lincoln,active,55,1741056900,2025-03-04 02:55:00,27.85750845002414,25.46674280493376,0.39691897863749376,0.05347349177330896,36.14639831997211,0.36225621882265985,1.0,1.0
33,graph_xgboost,26.813987518829354,28.345006942749023,inside-out/active/lincoln/2025-03-04/ping-dnvrcox1-2605:59c8:5000:8874::1-10ms-1h-2025-03-04-02-00-00.txt,lincoln,active,56,1741056960,2025-03-04 02:56:00,25.46674280493376,26.813987518829354,0.35604672916292585,-0.03068351251667578,43.164514995458866,0.40228892954570283,1.0,1.0
34,graph_xgboost,26.92269855595668,28.315563201904297,inside-out/active/lincoln/2025-03-04/ping-dnvrcox1-2605:59c8:5000:8874::1-10ms-1h-2025-03-04-02-00-00.txt,lincoln,active,57,1741057020,2025-03-04 02:57:00,26.813987518829354,26.92269855595668,0.3495532456062378,-0.058783321941216604,37.40944973486542,0.37064872872156795,1.0,1.0
35,graph_xgboost,25.305642420122364,27.496816635131836,inside-out/active/lincoln/2025-03-04/ping-dnvrcox1-2605:59c8:5000:8874::1-10ms-1h-2025-03-04-02-00-00.txt,lincoln,active,58,1741057080,2025-03-04 02:58:00,26.92269855595668,25.305642420122364,0.3541462898881071,0.011964033588466982,39.9642290096781,0.37905400030890907,1.0,1.0
36,graph_xgboost,29.03862609935821,31.136886596679688,inside-out/active/manila/2025-03-15/ping-mnlaphl1-100.64.0.1-10ms-1h-2025-03-15-09-00-00.txt,manila,active,50,1742032200,2025-03-15 09:50:00,34.23733705772812,29.03862609935821,0.38619704397701415,-0.00758345711828623,39.50275597554527,0.36692916671729164,1.0,1.0
37,graph_xgboost,29.07390317700454,29.570362091064453,inside-out/active/manila/2025-03-15/ping-mnlaphl1-100.64.0.1-10ms-1h-2025-03-15-09-00-00.txt,manila,active,51,1742032260,2025-03-15 09:51:00,29.03862609935821,29.07390317700454,0.34325208162302606,0.019118675681977115,40.76321339067807,0.38541739326089647,1.0,1.0
38,graph_xgboost,33.34923469387755,32.14046859741211,inside-out/active/manila/2025-03-15/ping-mnlaphl1-100.64.0.1-10ms-1h-2025-03-15-09-00-00.txt,manila,active,52,1742032320,2025-03-15 09:52:00,29.07390317700454,33.34923469387755,0.36247941328816674,0.04579356804876089,35.80331378194607,0.36333747643774583,1.0,1.0
39,graph_xgboost,26.081499649614575,33.47606658935547,inside-out/active/manila/2025-03-15/ping-mnlaphl1-100.64.0.1-10ms-1h-2025-03-15-09-00-00.txt,manila,active,53,1742032380,2025-03-15 09:53:00,33.34923469387755,26.081499649614575,0.3917248401659341,-0.03612334801762107,39.904989992774375,0.38606440852562646,1.0,1.0
40,graph_xgboost,28.263901188534145,29.1309871673584,inside-out/active/manila/2025-03-15/ping-mnlaphl1-100.64.0.1-10ms-1h-2025-03-15-09-00-00.txt,manila,active,54,1742032440,2025-03-15 09:54:00,26.081499649614575,28.263901188534145,0.3359619509824738,-0.02261326538737163,38.44936724545133,0.38044633893940244,1.0,1.0
41,graph_xgboost,29.6776123046875,28.835988998413086,inside-out/active/manila/2025-03-15/ping-mnlaphl1-100.64.0.1-10ms-1h-2025-03-15-09-00-00.txt,manila,active,55,1742032500,2025-03-15 09:55:00,28.263901188534145,29.6776123046875,0.36510899285373194,0.0008537721204595616,36.119305470738105,0.36437688454157724,1.0,1.0
42,graph_xgboost,27.404427592954992,31.09686851501465,inside-out/active/manila/2025-03-15/ping-mnlaphl1-100.64.0.1-10ms-1h-2025-03-15-09-00-00.txt,manila,active,56,1742032560,2025-03-15 09:56:00,29.6776123046875,27.404427592954992,0.3847690061728239,0.029996842437638227,42.88379036214196,0.4003741110783762,1.0,1.0
43,graph_xgboost,30.366635249764375,28.27552032470703,inside-out/active/manila/2025-03-15/ping-mnlaphl1-100.64.0.1-10ms-1h-2025-03-15-09-00-00.txt,manila,active,57,1742032620,2025-03-15 09:57:00,27.404427592954992,30.366635249764375,0.34018490891382075,0.016913827655310576,37.370087063257046,0.3712732845010624,1.0,1.0
44,graph_xgboost,28.736724738675957,31.01776695251465,inside-out/active/manila/2025-03-15/ping-mnlaphl1-100.64.0.1-10ms-1h-2025-03-15-09-00-00.txt,manila,active,58,1742032680,2025-03-15 09:58:00,30.366635249764375,28.736724738675957,0.36497673324552427,-0.02446089475378166,39.73463323009092,0.3783319707517479,1.0,1.0
45,graph_xgboost,30.44886814469078,29.57737922668457,inside-out/active/minneapolis/2025-03-29/ping-mplsmnx1-2605:59ca:1300:1efc::1-10ms-1h-2025-03-29-01-07-29.txt,minneapolis,active,51,1743213480,2025-03-29 01:58:00,28.490750915750915,30.44886814469078,0.3343966530167866,-0.015105740181268867,40.79973840291855,0.3860077551679791,1.0,1.0
46,graph_xgboost,36.18410404624277,31.462499618530273,inside-out/active/minneapolis/2025-03-29/ping-mplsmnx1-2605:59ca:1300:1efc::1-10ms-1h-2025-03-29-01-07-29.txt,minneapolis,active,52,1743213540,2025-03-29 01:59:00,30.44886814469078,36.18410404624277,0.35606295881546624,0.0037972721636700957,35.71164945076699,0.36376524006925925,1.0,1.0
47,graph_xgboost,34.45661118816459,32.447452545166016,inside-out/active/minneapolis/2025-03-29/ping-mplsmnx1-2605:59ca:1300:1efc::1-10ms-1h-2025-03-29-01-07-29.txt,minneapolis,active,53,1743213600,2025-03-29 02:00:00,36.18410404624277,34.45661118816459,0.4315067410329985,0.02725497852401404,39.71599870261669,0.3834122818011555,1.0,1.0
48,graph_xgboost,30.177841179267713,33.012386322021484,inside-out/active/minneapolis/2025-03-29/ping-mplsmnx1-2605:59ca:1300:1efc::1-10ms-1h-2025-03-29-01-07-29.txt,minneapolis,active,54,1743213660,2025-03-29 02:01:00,34.45661118816459,30.177841179267713,0.369957098643122,-0.01684556922353675,37.891026476214655,0.37817999576202593,1.0,1.0
49,graph_xgboost,41.61684210526316,31.708620071411133,inside-out/active/minneapolis/2025-03-29/ping-mplsmnx1-2605:59ca:1300:1efc::1-10ms-1h-2025-03-29-01-07-29.txt,minneapolis,active,55,1743213720,2025-03-29 02:02:00,30.177841179267713,41.61684210526316,0.33173287385753175,0.005203405865657484,35.99170947135587,0.36660195914132393,1.0,1.0
50,graph_xgboost,39.74232492336713,32.78606414794922,inside-out/active/minneapolis/2025-03-29/ping-mplsmnx1-2605:59ca:1300:1efc::1-10ms-1h-2025-03-29-01-07-29.txt,minneapolis,active,56,1743213780,2025-03-29 02:03:00,41.61684210526316,39.74232492336713,0.45564320246734596,0.02869144804628687,42.08784170877025,0.39564916465874145,1.0,1.0
51,graph_xgboost,28.917336255174092,35.663169860839844,inside-out/active/minneapolis/2025-03-29/ping-mplsmnx1-2605:59ca:1300:1efc::1-10ms-1h-2025-03-29-01-07-29.txt,minneapolis,active,57,1743213840,2025-03-29 02:04:00,39.74232492336713,28.917336255174092,0.41132107967786696,-0.015240983083306903,36.547560574562894,0.3665308731167927,1.0,1.0
52,graph_xgboost,37.658891846116624,35.09332275390625,inside-out/active/minneapolis/2025-03-29/ping-mplsmnx1-2605:59ca:1300:1efc::1-10ms-1h-2025-03-29-01-07-29.txt,minneapolis,active,58,1743213900,2025-03-29 02:05:00,28.917336255174092,37.658891846116624,0.32739322627785183,0.009008284404407596,39.8312531630636,0.380837537882926,1.0,1.0
53,graph_xgboost,33.7273163706193,34.289573669433594,inside-out/active/minneapolis/2025-03-29/ping-mplsmnx1-2605:59ca:1300:1efc::1-10ms-1h-2025-03-29-01-07-29.txt,minneapolis,active,59,1743213960,2025-03-29 02:06:00,37.658891846116624,33.7273163706193,0.4104209470855513,0.006569986379296511,47.1138138580947,0.392345170066087,1.0,1.0
54,graph_xgboost,29.395587506197323,29.956439971923828,inside-out/active/seattle/2025-03-06/ping-sttlwax1-2605:59c8:900:facf::1-10ms-1h-2025-03-06-17-00-00.txt,seattle,active,50,1741283400,2025-03-06 17:50:00,27.105559481743228,29.395587506197323,0.3720945080128424,-0.015145476285372661,39.97820781394426,0.3678693357815698,1.0,1.0
55,graph_xgboost,30.33496846531184,34.97235870361328,inside-out/active/seattle/2025-03-06/ping-sttlwax1-2605:59c8:900:facf::1-10ms-1h-2025-03-06-17-00-00.txt,seattle,active,51,1741283460,2025-03-06 17:51:00,29.395587506197323,30.33496846531184,0.40230868584139773,0.029432993824685116,40.73941596355545,0.38148028631300507,1.0,1.0
56,graph_xgboost,30.373813459268003,29.95094871520996,inside-out/active/seattle/2025-03-06/ping-sttlwax1-2605:59c8:900:facf::1-10ms-1h-2025-03-06-17-00-00.txt,seattle,active,52,1741283520,2025-03-06 17:52:00,30.33496846531184,30.373813459268003,0.3684651223698003,-0.022531847133757887,35.719242762725585,0.36293842916563696,1.0,1.0
57,graph_xgboost,29.887796454064013,28.6425724029541,inside-out/active/seattle/2025-03-06/ping-sttlwax1-2605:59c8:900:facf::1-10ms-1h-2025-03-06-17-00-00.txt,seattle,active,53,1741283580,2025-03-06 17:53:00,30.373813459268003,29.887796454064013,0.34324328236186646,-0.01235059760956192,40.10335140841501,0.38929651237923096,1.0,1.0
58,graph_xgboost,29.045368171021376,28.290546417236328,inside-out/active/seattle/2025-03-06/ping-sttlwax1-2605:59c8:900:facf::1-10ms-1h-2025-03-06-17-00-00.txt,seattle,active,54,1741283640,2025-03-06 17:54:00,29.887796454064013,29.045368171021376,0.3328810504475434,-0.013220312621510244,38.1956141251547,0.3806517323083978,1.0,1.0
59,graph_xgboost,28.10347123157394,28.86346435546875,inside-out/active/seattle/2025-03-06/ping-sttlwax1-2605:59c8:900:facf::1-10ms-1h-2025-03-06-17-00-00.txt,seattle,active,55,1741283700,2025-03-06 17:55:00,29.045368171021376,28.10347123157394,0.3368753324098788,0.012355333124804524,36.06720767190562,0.36625912857116744,1.0,1.0
60,graph_xgboost,28.3486216730038,29.500446319580078,inside-out/active/seattle/2025-03-06/ping-sttlwax1-2605:59c8:900:facf::1-10ms-1h-2025-03-06-17-00-00.txt,seattle,active,56,1741283760,2025-03-06 17:56:00,28.10347123157394,28.3486216730038,0.3368318424847339,0.011051022807430089,42.98873310034953,0.4035699219909156,1.0,1.0
61,graph_xgboost,26.200651139494116,30.76014518737793,inside-out/active/seattle/2025-03-06/ping-sttlwax1-2605:59c8:900:facf::1-10ms-1h-2025-03-06-17-00-00.txt,seattle,active,57,1741283820,2025-03-06 17:57:00,28.3486216730038,26.200651139494116,0.3372881494258859,0.0,37.30714079125379,0.3714664018002581,1.0,1.0
62,graph_xgboost,27.312548929311536,28.151735305786133,inside-out/active/seattle/2025-03-06/ping-sttlwax1-2605:59c8:900:facf::1-10ms-1h-2025-03-06-17-00-00.txt,seattle,active,58,1741283880,2025-03-06 17:58:00,26.200651139494116,27.312548929311536,0.34272104517408614,0.03449665511404865,40.01236550410894,0.3798156832898438,1.0,1.0
63,graph_xgboost,28.38119390523899,31.407825469970703,inside-out/active/slc/2025-03-04/ping-sltyutx1-2605:59c0:3000:543a::1-10ms-1h-2025-03-04-15-00-00.txt,slc,active,50,1741103400,2025-03-04 15:50:00,29.97415898864367,28.38119390523899,0.3357220777925467,-0.00028577552332631484,39.78696784681756,0.37029416446292285,1.0,1.0
64,graph_xgboost,29.659889130865174,28.986845016479492,inside-out/active/slc/2025-03-04/ping-sltyutx1-2605:59c0:3000:543a::1-10ms-1h-2025-03-04-15-00-00.txt,slc,active,51,1741103460,2025-03-04 15:51:00,28.38119390523899,29.659889130865174,0.3326068176343231,-0.020882164926486313,40.80704220361934,0.38612707752681,1.0,1.0
65,graph_xgboost,25.441046139789854,30.485305786132812,inside-out/active/slc/2025-03-04/ping-sltyutx1-2605:59c0:3000:543a::1-10ms-1h-2025-03-04-15-00-00.txt,slc,active,52,1741103520,2025-03-04 15:52:00,29.659889130865174,25.441046139789854,0.3465721006641386,-0.0443862430215729,35.764248051688696,0.36439796394601437,1.0,1.0
66,graph_xgboost,36.824260834345885,30.829435348510742,inside-out/active/slc/2025-03-04/ping-sltyutx1-2605:59c0:3000:543a::1-10ms-1h-2025-03-04-15-00-00.txt,slc,active,53,1741103580,2025-03-04 15:53:00,25.441046139789854,36.824260834345885,0.3561183657499913,0.07637130801687764,40.432202563046886,0.38843817348668924,1.0,1.0
67,graph_xgboost,28.40217971530249,30.304929733276367,inside-out/active/slc/2025-03-04/ping-sltyutx1-2605:59c0:3000:543a::1-10ms-1h-2025-03-04-15-00-00.txt,slc,active,54,1741103640,2025-03-04 15:54:00,36.824260834345885,28.40217971530249,0.4631921940487298,-0.031112967216538,37.73318316646924,0.37196432273498536,1.0,1.0
68,graph_xgboost,31.84558505408063,27.072134017944336,inside-out/active/slc/2025-03-04/ping-sltyutx1-2605:59c0:3000:543a::1-10ms-1h-2025-03-04-15-00-00.txt,slc,active,55,1741103700,2025-03-04 15:55:00,28.40217971530249,31.84558505408063,0.3862137115082027,0.023457862728062606,36.11008690228688,0.36296990329794593,1.0,1.0
69,graph_xgboost,26.574046490634167,30.529340744018555,inside-out/active/slc/2025-03-04/ping-sltyutx1-2605:59c0:3000:543a::1-10ms-1h-2025-03-04-15-00-00.txt,slc,active,56,1741103760,2025-03-04 15:56:00,31.84558505408063,26.574046490634167,0.37168157705198257,-0.05069219643226108,42.73925884551575,0.401246606353099,1.0,1.0
70,graph_xgboost,38.57746012015745,28.200237274169922,inside-out/active/slc/2025-03-04/ping-sltyutx1-2605:59c0:3000:543a::1-10ms-1h-2025-03-04-15-00-00.txt,slc,active,57,1741103820,2025-03-04 15:57:00,26.574046490634167,38.57746012015745,0.3540098570328915,0.051313160148444226,37.42544580341176,0.3703516212931243,1.0,1.0
71,graph_xgboost,33.62115628970775,30.98585319519043,inside-out/active/slc/2025-03-04/ping-sltyutx1-2605:59c0:3000:543a::1-10ms-1h-2025-03-04-15-00-00.txt,slc,active,58,1741103880,2025-03-04 15:58:00,38.57746012015745,33.62115628970775,0.4597452701249895,-0.009621418113365365,39.18724490539805,0.3720140682931169,1.0,1.0
72,graph_xgboost,47.807699805068225,56.46763229370117,inside-out/active/ulukhaktok/2025-03-16/ping-sttlwax1-2605:59c8:600:e773::1-10ms-2h-2025-03-16-12-00-00.txt,ulukhaktok,active,101,1742132460,2025-03-16 13:41:00,44.16263301163078,47.807699805068225,0.35073801196435467,0.012865401840240986,40.09441024378232,0.3335041887985934,1.0,1.0
73,graph_xgboost,43.33035672100166,48.17769241333008,inside-out/active/ulukhaktok/2025-03-16/ping-sttlwax1-2605:59c8:600:e773::1-10ms-2h-2025-03-16-12-00-00.txt,ulukhaktok,active,102,1742132520,2025-03-16 13:42:00,47.807699805068225,43.33035672100166,0.3601622709223839,-0.0005688744412839508,51.215766423357664,0.40791885827138535,1.0,1.0
74,graph_xgboost,51.98465621230398,53.498085021972656,inside-out/active/ulukhaktok/2025-03-16/ping-sttlwax1-2605:59c8:600:e773::1-10ms-2h-2025-03-16-12-00-00.txt,ulukhaktok,active,103,1742132580,2025-03-16 13:43:00,43.33035672100166,51.98465621230398,0.3378529401366223,-0.025933107125545307,54.13256547041707,0.42312505029132913,1.0,1.0
75,graph_xgboost,50.89078979945531,54.33369445800781,inside-out/active/ulukhaktok/2025-03-16/ping-sttlwax1-2605:59c8:600:e773::1-10ms-2h-2025-03-16-12-00-00.txt,ulukhaktok,active,104,1742132640,2025-03-16 13:44:00,51.98465621230398,50.89078979945531,0.39471243098736836,0.0037654222079795963,46.421944713870026,0.3315217413709997,1.0,1.0
76,graph_xgboost,49.52559171597633,51.723514556884766,inside-out/active/ulukhaktok/2025-03-16/ping-sttlwax1-2605:59c8:600:e773::1-10ms-2h-2025-03-16-12-00-00.txt,ulukhaktok,active,105,1742132700,2025-03-16 13:45:00,50.89078979945531,49.52559171597633,0.38836276589505486,0.02416042522348394,49.86113977485929,0.35716980477703464,1.0,1.0
77,graph_xgboost,62.62781954887218,53.067779541015625,inside-out/active/ulukhaktok/2025-03-16/ping-sttlwax1-2605:59c8:600:e773::1-10ms-2h-2025-03-16-12-00-00.txt,ulukhaktok,active,106,1742132760,2025-03-16 13:46:00,49.52559171597633,62.62781954887218,0.3350137416668608,0.00588235294117645,54.36197315752296,0.38729314967506623,1.0,1.0
78,graph_xgboost,42.11609336609337,58.56428909301758,inside-out/active/ulukhaktok/2025-03-16/ping-sttlwax1-2605:59c8:600:e773::1-10ms-2h-2025-03-16-12-00-00.txt,ulukhaktok,active,107,1742132820,2025-03-16 13:47:00,62.62781954887218,42.11609336609337,0.431465114674642,0.009515928837401821,41.86068274051086,0.33338669357639183,1.0,1.0
79,graph_xgboost,49.01977267345489,58.60968017578125,inside-out/active/ulukhaktok/2025-03-16/ping-sttlwax1-2605:59c8:600:e773::1-10ms-2h-2025-03-16-12-00-00.txt,ulukhaktok,active,108,1742132880,2025-03-16 13:48:00,42.11609336609337,49.01977267345489,0.3403315729799232,-0.007758336084516371,41.343274021352315,0.35427775851193477,1.0,1.0
80,graph_xgboost,68.49971516733919,54.41948699951172,inside-out/active/ulukhaktok/2025-03-16/ping-sttlwax1-2605:59c8:600:e773::1-10ms-2h-2025-03-16-12-00-00.txt,ulukhaktok,active,109,1742132940,2025-03-16 13:49:00,49.01977267345489,68.49971516733919,0.3866755097580868,-0.031425547504681184,55.00292682926829,0.4594264428982016,1.0,1.0
81,graph_xgboost,47.50150730098917,55.28184127807617,inside-out/active/ulukhaktok/2025-03-16/ping-sttlwax1-2605:59c8:600:e773::1-10ms-2h-2025-03-16-12-00-00.txt,ulukhaktok,active,110,1742133000,2025-03-16 13:50:00,68.49971516733919,47.50150730098917,0.5148098471821448,-0.010634895250279719,43.581672100605495,0.3638152849095672,1.0,1.0
82,graph_xgboost,41.26314601103864,52.09738540649414,inside-out/active/ulukhaktok/2025-03-16/ping-sttlwax1-2605:59c8:600:e773::1-10ms-2h-2025-03-16-12-00-00.txt,ulukhaktok,active,111,1742133060,2025-03-16 13:51:00,47.50150730098917,41.26314601103864,0.35880995495774876,-0.004415707301687499,45.97213965557915,0.3596920196160345,1.0,1.0
83,graph_xgboost,43.51293330145828,51.08014678955078,inside-out/active/ulukhaktok/2025-03-16/ping-sttlwax1-2605:59c8:600:e773::1-10ms-2h-2025-03-16-12-00-00.txt,ulukhaktok,active,112,1742133120,2025-03-16 13:52:00,41.26314601103864,43.51293330145828,0.3661591217366305,0.03913218159903564,52.499707531074826,0.4106991838229524,1.0,1.0
84,graph_xgboost,59.008460276540895,51.80773162841797,inside-out/active/ulukhaktok/2025-03-16/ping-sttlwax1-2605:59c8:600:e773::1-10ms-2h-2025-03-16-12-00-00.txt,ulukhaktok,active,113,1742133180,2025-03-16 13:53:00,43.51293330145828,59.008460276540895,0.3528356083638613,-0.01079339508658883,47.40269579363235,0.3484762068811049,1.0,1.0
85,graph_xgboost,66.24218190498925,59.06871032714844,inside-out/active/ulukhaktok/2025-03-16/ping-sttlwax1-2605:59c8:600:e773::1-10ms-2h-2025-03-16-12-00-00.txt,ulukhaktok,active,114,1742133240,2025-03-16 13:54:00,59.008460276540895,66.24218190498925,0.47758941354202983,-0.029350273399807003,58.19203992210321,0.4072854365166714,1.0,1.0
86,graph_xgboost,44.755442978322336,57.157379150390625,inside-out/active/ulukhaktok/2025-03-16/ping-sttlwax1-2605:59c8:600:e773::1-10ms-2h-2025-03-16-12-00-00.txt,ulukhaktok,active,115,1742133300,2025-03-16 13:55:00,66.24218190498925,44.755442978322336,0.4632209743918107,0.00569665321623547,47.77913669064748,0.3514457245122789,1.0,1.0
87,graph_xgboost,52.01917613636363,51.238563537597656,inside-out/active/ulukhaktok/2025-03-16/ping-sttlwax1-2605:59c8:600:e773::1-10ms-2h-2025-03-16-12-00-00.txt,ulukhaktok,active,116,1742133360,2025-03-16 13:56:00,44.755442978322336,52.01917613636363,0.32756610671264313,-0.0025196850393700565,60.57354884379424,0.40456354130696354,1.0,1.0
88,graph_xgboost,70.2288035450517,52.17445373535156,inside-out/active/ulukhaktok/2025-03-16/ping-sttlwax1-2605:59c8:600:e773::1-10ms-2h-2025-03-16-12-00-00.txt,ulukhaktok,active,117,1742133420,2025-03-16 13:57:00,52.01917613636363,70.2288035450517,0.3861489492067471,-0.0011851149561508123,50.2937984496124,0.3606046452383991,1.0,1.0
89,graph_xgboost,57.69249938317296,56.86678695678711,inside-out/active/ulukhaktok/2025-03-16/ping-sttlwax1-2605:59c8:600:e773::1-10ms-2h-2025-03-16-12-00-00.txt,ulukhaktok,active,118,1742133480,2025-03-16 13:58:00,70.2288035450517,57.69249938317296,0.5082524318181182,0.027454110135674448,42.33,0.3519494066022317,1.0,1.0
90,graph_xgboost,51.215766423357664,57.670589447021484,inside-out/active/ulukhaktok/2025-03-28/ping-sttlwax1-2605:59c8:600:e773::1-10ms-2h-2025-03-28-12-00-00.txt,ulukhaktok,active,101,1743169260,2025-03-28 13:41:00,40.09441024378232,51.215766423357664,0.3335041887985934,0.014240634355530468,44.16263301163078,0.35073801196435467,1.0,1.0
91,graph_xgboost,54.13256547041707,54.977508544921875,inside-out/active/ulukhaktok/2025-03-28/ping-sttlwax1-2605:59c8:600:e773::1-10ms-2h-2025-03-28-12-00-00.txt,ulukhaktok,active,102,1743169320,2025-03-28 13:42:00,51.215766423357664,54.13256547041707,0.40791885827138535,-0.0007304601899196239,47.807699805068225,0.3601622709223839,1.0,1.0
92,graph_xgboost,46.421944713870026,51.289608001708984,inside-out/active/ulukhaktok/2025-03-28/ping-sttlwax1-2605:59c8:600:e773::1-10ms-2h-2025-03-28-12-00-00.txt,ulukhaktok,active,103,1743169380,2025-03-28 13:43:00,54.13256547041707,46.421944713870026,0.42312505029132913,-0.0062627084180562065,43.33035672100166,0.3378529401366223,1.0,1.0
93,graph_xgboost,49.86113977485929,50.800106048583984,inside-out/active/ulukhaktok/2025-03-28/ping-sttlwax1-2605:59c8:600:e773::1-10ms-2h-2025-03-28-12-00-00.txt,ulukhaktok,active,104,1743169440,2025-03-28 13:44:00,46.421944713870026,49.86113977485929,0.3315217413709997,-0.0011328693963426062,51.98465621230398,0.39471243098736836,1.0,1.0
94,graph_xgboost,54.36197315752296,50.00244903564453,inside-out/active/ulukhaktok/2025-03-28/ping-sttlwax1-2605:59c8:600:e773::1-10ms-2h-2025-03-28-12-00-00.txt,ulukhaktok,active,105,1743169500,2025-03-28 13:45:00,49.86113977485929,54.36197315752296,0.35716980477703464,-0.02237851662404089,50.89078979945531,0.38836276589505486,1.0,1.0
95,graph_xgboost,41.86068274051086,54.524993896484375,inside-out/active/ulukhaktok/2025-03-28/ping-sttlwax1-2605:59c8:600:e773::1-10ms-2h-2025-03-28-12-00-00.txt,ulukhaktok,active,106,1743169560,2025-03-28 13:46:00,54.36197315752296,41.86068274051086,0.38729314967506623,-0.008389394538979023,49.52559171597633,0.3350137416668608,1.0,1.0
96,graph_xgboost,41.343274021352315,54.1856689453125,inside-out/active/ulukhaktok/2025-03-28/ping-sttlwax1-2605:59c8:600:e773::1-10ms-2h-2025-03-28-12-00-00.txt,ulukhaktok,active,107,1743169620,2025-03-28 13:47:00,41.86068274051086,41.343274021352315,0.33338669357639183,0.010472440944881867,62.62781954887218,0.431465114674642,1.0,1.0
97,graph_xgboost,55.00292682926829,54.943504333496094,inside-out/active/ulukhaktok/2025-03-28/ping-sttlwax1-2605:59c8:600:e773::1-10ms-2h-2025-03-28-12-00-00.txt,ulukhaktok,active,108,1743169680,2025-03-28 13:48:00,41.343274021352315,55.00292682926829,0.35427775851193477,0.000474270808631716,42.11609336609337,0.3403315729799232,1.0,1.0
98,graph_xgboost,43.581672100605495,49.10344696044922,inside-out/active/ulukhaktok/2025-03-28/ping-sttlwax1-2605:59c8:600:e773::1-10ms-2h-2025-03-28-12-00-00.txt,ulukhaktok,active,109,1743169740,2025-03-28 13:49:00,55.00292682926829,43.581672100605495,0.4594264428982016,0.016314779270633406,49.01977267345489,0.3866755097580868,1.0,1.0
99,graph_xgboost,45.97213965557915,54.6234130859375,inside-out/active/ulukhaktok/2025-03-28/ping-sttlwax1-2605:59c8:600:e773::1-10ms-2h-2025-03-28-12-00-00.txt,ulukhaktok,active,110,1743169800,2025-03-28 13:50:00,43.581672100605495,45.97213965557915,0.3638152849095672,-0.02165120152272193,68.49971516733919,0.5148098471821448,1.0,1.0
100,graph_xgboost,52.499707531074826,49.19755554199219,inside-out/active/ulukhaktok/2025-03-28/ping-sttlwax1-2605:59c8:600:e773::1-10ms-2h-2025-03-28-12-00-00.txt,ulukhaktok,active,111,1743169860,2025-03-28 13:51:00,45.97213965557915,52.499707531074826,0.3596920196160345,-0.006649251959154556,47.50150730098917,0.35880995495774876,1.0,1.0
101,graph_xgboost,47.40269579363235,49.997886657714844,inside-out/active/ulukhaktok/2025-03-28/ping-sttlwax1-2605:59c8:600:e773::1-10ms-2h-2025-03-28-12-00-00.txt,ulukhaktok,active,112,1743169920,2025-03-28 13:52:00,52.499707531074826,47.40269579363235,0.4106991838229524,0.02587844254510918,41.26314601103864,0.3661591217366305,1.0,1.0
102,graph_xgboost,58.19203992210321,51.89679718017578,inside-out/active/ulukhaktok/2025-03-28/ping-sttlwax1-2605:59c8:600:e773::1-10ms-2h-2025-03-28-12-00-00.txt,ulukhaktok,active,113,1743169980,2025-03-28 13:53:00,47.40269579363235,58.19203992210321,0.3484762068811049,-0.020877817319098435,43.51293330145828,0.3528356083638613,1.0,1.0
103,graph_xgboost,47.77913669064748,53.22848129272461,inside-out/active/ulukhaktok/2025-03-28/ping-sttlwax1-2605:59c8:600:e773::1-10ms-2h-2025-03-28-12-00-00.txt,ulukhaktok,active,114,1743170040,2025-03-28 13:54:00,58.19203992210321,47.77913669064748,0.4072854365166714,0.015182995045548875,59.008460276540895,0.47758941354202983,1.0,1.0
104,graph_xgboost,60.57354884379424,51.71782684326172,inside-out/active/ulukhaktok/2025-03-28/ping-sttlwax1-2605:59c8:600:e773::1-10ms-2h-2025-03-28-12-00-00.txt,ulukhaktok,active,115,1743170100,2025-03-28 13:55:00,47.77913669064748,60.57354884379424,0.3514457245122789,-0.016273584905660332,66.24218190498925,0.4632209743918107,1.0,1.0
105,graph_xgboost,50.2937984496124,54.88887023925781,inside-out/active/ulukhaktok/2025-03-28/ping-sttlwax1-2605:59c8:600:e773::1-10ms-2h-2025-03-28-12-00-00.txt,ulukhaktok,active,116,1743170160,2025-03-28 13:56:00,60.57354884379424,50.2937984496124,0.40456354130696354,-0.004662188858158833,44.755442978322336,0.32756610671264313,1.0,1.0
106,graph_xgboost,42.33,49.286983489990234,inside-out/active/ulukhaktok/2025-03-28/ping-sttlwax1-2605:59c8:600:e773::1-10ms-2h-2025-03-28-12-00-00.txt,ulukhaktok,active,117,1743170220,2025-03-28 13:57:00,50.2937984496124,42.33,0.3606046452383991,0.002577319587628857,52.01917613636363,0.3861489492067471,1.0,1.0
107,graph_xgboost,50.53891943581162,50.890541076660156,inside-out/active/ulukhaktok/2025-03-28/ping-sttlwax1-2605:59c8:600:e773::1-10ms-2h-2025-03-28-12-00-00.txt,ulukhaktok,active,118,1743170280,2025-03-28 13:58:00,42.33,50.53891943581162,0.3519494066022317,0.04781036560867813,70.2288035450517,0.5082524318181182,1.0,1.0
108,graph_xgboost,48.482162505289885,31.55025863647461,inside-out/active/victoria/2025-03-26/ping-sttlwax1-2605:59c8:200:4bde::1-10ms-1h-2025-03-26-03-00-00.txt,victoria,active,50,1742961000,2025-03-26 03:50:00,29.164689150751727,48.482162505289885,0.3332555604089388,-0.009433962264151052,39.84093250267703,0.37045859895516337,1.0,1.0
109,graph_xgboost,34.410167102879,35.49509811401367,inside-out/active/victoria/2025-03-26/ping-sttlwax1-2605:59c8:200:4bde::1-10ms-1h-2025-03-26-03-00-00.txt,victoria,active,51,1742961060,2025-03-26 03:51:00,48.482162505289885,34.410167102879,0.524435539369261,0.015211502396332621,39.466977630282614,0.37333849607781416,1.0,1.0
110,graph_xgboost,54.26663977410246,35.248722076416016,inside-out/active/victoria/2025-03-26/ping-sttlwax1-2605:59c8:200:4bde::1-10ms-1h-2025-03-26-03-00-00.txt,victoria,active,52,1742961120,2025-03-26 03:52:00,34.410167102879,54.26663977410246,0.39622092081060206,-0.019568936024632055,35.447562853554444,0.3610880426029169,1.0,1.0
111,graph_xgboost,31.6692652712516,41.70404052734375,inside-out/active/victoria/2025-03-26/ping-sttlwax1-2605:59c8:200:4bde::1-10ms-1h-2025-03-26-03-00-00.txt,victoria,active,53,1742961180,2025-03-26 03:53:00,54.26663977410246,31.6692652712516,0.4701045570961427,-0.015220804040679825,38.51049632075937,0.38083909406361255,1.0,1.0
112,graph_xgboost,27.7909751924722,36.48505401611328,inside-out/active/victoria/2025-03-26/ping-sttlwax1-2605:59c8:200:4bde::1-10ms-1h-2025-03-26-03-00-00.txt,victoria,active,54,1742961240,2025-03-26 03:54:00,31.6692652712516,27.7909751924722,0.37842284043962743,0.0384062435818443,38.07684953734219,0.3776156129755922,1.0,1.0
113,graph_xgboost,34.98300042498938,36.1497688293457,inside-out/active/victoria/2025-03-26/ping-sttlwax1-2605:59c8:200:4bde::1-10ms-1h-2025-03-26-03-00-00.txt,victoria,active,55,1742961300,2025-03-26 03:55:00,27.7909751924722,34.98300042498938,0.3767963540782626,0.02011735121542335,36.15083387047556,0.36359772712660854,1.0,1.0
114,graph_xgboost,34.001104135094174,32.93488311767578,inside-out/active/victoria/2025-03-26/ping-sttlwax1-2605:59c8:200:4bde::1-10ms-1h-2025-03-26-03-00-00.txt,victoria,active,56,1742961360,2025-03-26 03:56:00,34.98300042498938,34.001104135094174,0.40852795593738894,-0.0038395904436860917,42.53009782078849,0.39879018109407194,1.0,1.0
115,graph_xgboost,34.9590027700831,32.386783599853516,inside-out/active/victoria/2025-03-26/ping-sttlwax1-2605:59c8:200:4bde::1-10ms-1h-2025-03-26-03-00-00.txt,victoria,active,57,1742961420,2025-03-26 03:57:00,34.001104135094174,34.9590027700831,0.3950683896170036,0.010284979644311076,36.93030862711442,0.36761438578751693,1.0,1.0
116,graph_xgboost,34.16896630758652,34.85225296020508,inside-out/active/victoria/2025-03-26/ping-sttlwax1-2605:59c8:200:4bde::1-10ms-1h-2025-03-26-03-00-00.txt,victoria,active,58,1742961480,2025-03-26 03:58:00,34.9590027700831,34.16896630758652,0.34171676007910734,-0.004351548009701833,39.428475395403005,0.379882635629509,1.0,1.0
117,graph_xgboost,24.821327414922848,27.21704864501953,inside-out/active/victoria_hp1_proto2/2025-03-29/ping-sttlwax1-2605:59c8:200:685b::1-10ms-1h-2025-03-29-03-00-00.txt,victoria_hp1_proto2,active,50,1743220200,2025-03-29 03:50:00,27.12456361724501,24.821327414922848,0.3808147606508841,-0.00415317471490928,39.97694087157747,0.36728798560570036,1.0,1.0
118,graph_xgboost,33.07646937936703,27.186532974243164,inside-out/active/victoria_hp1_proto2/2025-03-29/ping-sttlwax1-2605:59c8:200:685b::1-10ms-1h-2025-03-29-03-00-00.txt,victoria_hp1_proto2,active,51,1743220260,2025-03-29 03:51:00,24.821327414922848,33.07646937936703,0.34750695161767614,-0.0053123671908201775,41.04436663630709,0.38513373526125316,1.0,1.0
119,graph_xgboost,24.503920280332895,29.282377243041992,inside-out/active/victoria_hp1_proto2/2025-03-29/ping-sttlwax1-2605:59c8:200:685b::1-10ms-1h-2025-03-29-03-00-00.txt,victoria_hp1_proto2,active,52,1743220320,2025-03-29 03:52:00,33.07646937936703,24.503920280332895,0.43913518430773585,-0.017140468227424766,35.53647603512191,0.3582270917031079,1.0,1.0
120,graph_xgboost,25.097710583153347,27.590309143066406,inside-out/active/victoria_hp1_proto2/2025-03-29/ping-sttlwax1-2605:59c8:200:685b::1-10ms-1h-2025-03-29-03-00-00.txt,victoria_hp1_proto2,active,53,1743220380,2025-03-29 03:53:00,24.503920280332895,25.097710583153347,0.3672988164206165,0.032832027112899786,40.494677620344,0.3876928101086476,1.0,1.0
121,graph_xgboost,34.91133387888707,30.98900604248047,inside-out/active/victoria_hp1_proto2/2025-03-29/ping-sttlwax1-2605:59c8:200:685b::1-10ms-1h-2025-03-29-03-00-00.txt,victoria_hp1_proto2,active,54,1743220440,2025-03-29 03:54:00,25.097710583153347,34.91133387888707,0.3655377981284289,0.012231546010524785,38.51495318321541,0.3784746157963388,1.0,1.0
122,graph_xgboost,28.27106630638121,26.606544494628906,inside-out/active/victoria_hp1_proto2/2025-03-29/ping-sttlwax1-2605:59c8:200:685b::1-10ms-1h-2025-03-29-03-00-00.txt,victoria_hp1_proto2,active,55,1743220500,2025-03-29 03:55:00,34.91133387888707,28.27106630638121,0.48224778245328137,-0.04118148253337117,35.67614329138123,0.35656763190160734,1.0,1.0
123,graph_xgboost,36.45605672641324,26.840255737304688,inside-out/active/victoria_hp1_proto2/2025-03-29/ping-sttlwax1-2605:59c8:200:685b::1-10ms-1h-2025-03-29-03-00-00.txt,victoria_hp1_proto2,active,56,1743220560,2025-03-29 03:56:00,28.27106630638121,36.45605672641324,0.37696942431971586,-0.0072580082350479636,42.97756009536238,0.4008940832019168,1.0,1.0
124,graph_xgboost,31.790010256410255,29.44643211364746,inside-out/active/victoria_hp1_proto2/2025-03-29/ping-sttlwax1-2605:59c8:200:685b::1-10ms-1h-2025-03-29-03-00-00.txt,victoria_hp1_proto2,active,57,1743220620,2025-03-29 03:57:00,36.45605672641324,31.790010256410255,0.4095293882331424,-0.03079317812669191,36.766645121026485,0.36665031921310764,1.0,1.0
125,graph_xgboost,33.779506172839504,32.38209533691406,inside-out/active/victoria_hp1_proto2/2025-03-29/ping-sttlwax1-2605:59c8:200:685b::1-10ms-1h-2025-03-29-03-00-00.txt,victoria_hp1_proto2,active,58,1743220680,2025-03-29 03:58:00,31.790010256410255,33.779506172839504,0.3750279025871774,0.00934769355821985,39.639741562981186,0.3776618927956376,1.0,1.0
126,graph_xgboost,73.92389807162535,69.93192291259766,inside-out/active/zambia/2025-03-29/ping--100.64.0.1-10ms-1h-2025-03-29-13-00-00.txt,zambia,active,51,1743256260,2025-03-29 13:51:00,88.54443402859151,73.92389807162535,0.42606436850475,-0.00787339579560653,36.79615952872917,0.3798965741354482,1.0,1.0
127,graph_xgboost,81.17642330877428,71.03191375732422,inside-out/active/zambia/2025-03-29/ping--100.64.0.1-10ms-1h-2025-03-29-13-00-00.txt,zambia,active,52,1743256320,2025-03-29 13:52:00,73.92389807162535,81.17642330877428,0.37435296634544807,-0.017598504905777856,32.81331412230469,0.3625459062339271,1.0,1.0
128,graph_xgboost,74.6619462933211,69.59417724609375,inside-out/active/zambia/2025-03-29/ping--100.64.0.1-10ms-1h-2025-03-29-13-00-00.txt,zambia,active,53,1743256380,2025-03-29 13:53:00,81.17642330877428,74.6619462933211,0.3631794460555547,-0.025568615478553047,36.71651075178125,0.38796743479965173,1.0,1.0
129,graph_xgboost,56.16163177925785,70.1381607055664,inside-out/active/zambia/2025-03-29/ping--100.64.0.1-10ms-1h-2025-03-29-13-00-00.txt,zambia,active,54,1743256440,2025-03-29 13:54:00,74.6619462933211,56.16163177925785,0.3453818225432331,0.009172225591267402,35.210670802537564,0.3798183475020185,1.0,1.0
130,graph_xgboost,79.60870066928226,73.37858581542969,inside-out/active/zambia/2025-03-29/ping--100.64.0.1-10ms-1h-2025-03-29-13-00-00.txt,zambia,active,55,1743256500,2025-03-29 13:55:00,56.16163177925785,79.60870066928226,0.3370670620124208,0.032822085889570585,34.25945676468985,0.3662463465976647,1.0,1.0
131,graph_xgboost,53.437992495309565,70.44376373291016,inside-out/active/zambia/2025-03-29/ping--100.64.0.1-10ms-1h-2025-03-29-13-00-00.txt,zambia,active,56,1743256560,2025-03-29 13:56:00,79.60870066928226,53.437992495309565,0.43704268404008656,-0.008143322475570036,39.55505113783564,0.39688919922055876,1.0,1.0
132,graph_xgboost,62.597924440298506,63.89104461669922,inside-out/active/zambia/2025-03-29/ping--100.64.0.1-10ms-1h-2025-03-29-13-00-00.txt,zambia,active,57,1743256620,2025-03-29 13:57:00,53.437992495309565,62.597924440298506,0.3587069758308803,0.0007030700726505801,35.634516069766725,0.3700384800399251,1.0,1.0
133,graph_xgboost,63.551467847157504,78.74253845214844,inside-out/active/zambia/2025-03-29/ping--100.64.0.1-10ms-1h-2025-03-29-13-00-00.txt,zambia,active,58,1743256680,2025-03-29 13:58:00,62.597924440298506,63.551467847157504,0.38837959633368185,0.0016298020954598202,37.58588061738864,0.376771779879204,1.0,1.0
134,graph_xgboost,109.25,60.32566833496094,inside-out/active/zambia/2025-03-29/ping--100.64.0.1-10ms-1h-2025-03-29-13-00-00.txt,zambia,active,59,1743256740,2025-03-29 13:59:00,63.551467847157504,109.25,0.3849691997089046,-0.002491435689816246,43.87724185796459,0.3955266384881679,1.0,1.0
135,graph_xgboost,54.76878764074365,47.286827087402344,inside-out/inactive/dallas/2025-03-08/ping-chcoilx1-fe80::200:5eff:fe00:101-10ms-1h-2025-03-08-15-00-00.txt,dallas,inactive,50,1741449000,2025-03-08 15:50:00,45.32272047832586,54.76878764074365,0.38019366053130693,-0.01224872108941577,38.76373041417209,0.36732939228033884,1.0,1.0
136,graph_xgboost,30.00885470796092,53.346038818359375,inside-out/inactive/dallas/2025-03-08/ping-chcoilx1-fe80::200:5eff:fe00:101-10ms-1h-2025-03-08-15-00-00.txt,dallas,inactive,51,1741449060,2025-03-08 15:51:00,54.76878764074365,30.00885470796092,0.4888319696667378,0.11061946902654862,39.047869287919035,0.3757120673913157,1.0,1.0
137,graph_xgboost,49.32494933117146,41.4427490234375,inside-out/inactive/dallas/2025-03-08/ping-chcoilx1-fe80::200:5eff:fe00:101-10ms-1h-2025-03-08-15-00-00.txt,dallas,inactive,52,1741449120,2025-03-08 15:52:00,30.00885470796092,49.32494933117146,0.3267029076272101,-0.08412829565086755,35.74098367988231,0.365722576815143,1.0,1.0
138,graph_xgboost,48.1205955899068,44.802337646484375,inside-out/inactive/dallas/2025-03-08/ping-chcoilx1-fe80::200:5eff:fe00:101-10ms-1h-2025-03-08-15-00-00.txt,dallas,inactive,53,1741449180,2025-03-08 15:53:00,49.32494933117146,48.1205955899068,0.4648418003160855,-0.09127101150103223,38.839942350288105,0.38118994451561633,1.0,1.0
139,graph_xgboost,43.08895949166005,49.53901672363281,inside-out/inactive/dallas/2025-03-08/ping-chcoilx1-fe80::200:5eff:fe00:101-10ms-1h-2025-03-08-15-00-00.txt,dallas,inactive,54,1741449240,2025-03-08 15:54:00,48.1205955899068,43.08895949166005,0.48477246950362973,0.06695418552036203,36.98009418276518,0.3705256377046587,1.0,1.0
140,graph_xgboost,45.092392412808486,44.690185546875,inside-out/inactive/dallas/2025-03-08/ping-chcoilx1-fe80::200:5eff:fe00:101-10ms-1h-2025-03-08-15-00-00.txt,dallas,inactive,55,1741449300,2025-03-08 15:55:00,43.08895949166005,45.092392412808486,0.33014607138254504,-0.05143016215463847,35.13096825052971,0.3667077459729898,1.0,1.0
141,graph_xgboost,54.85048367593712,46.66050720214844,inside-out/inactive/dallas/2025-03-08/ping-chcoilx1-fe80::200:5eff:fe00:101-10ms-1h-2025-03-08-15-00-00.txt,dallas,inactive,56,1741449360,2025-03-08 15:56:00,45.092392412808486,54.85048367593712,0.349412052810497,-0.025875296415120763,41.85613835493389,0.40273124130253135,1.0,1.0
142,graph_xgboost,62.48030995430161,57.80399703979492,inside-out/inactive/dallas/2025-03-08/ping-chcoilx1-fe80::200:5eff:fe00:101-10ms-1h-2025-03-08-15-00-00.txt,dallas,inactive,57,1741449420,2025-03-08 15:57:00,54.85048367593712,62.48030995430161,0.4278131556135789,0.0010066438494060748,35.54034999105822,0.3654314013877452,1.0,1.0
143,graph_xgboost,37.4730985306828,54.34151840209961,inside-out/inactive/dallas/2025-03-08/ping-chcoilx1-fe80::200:5eff:fe00:101-10ms-1h-2025-03-08-15-00-00.txt,dallas,inactive,58,1741449480,2025-03-08 15:58:00,62.48030995430161,37.4730985306828,0.43833612406957534,-0.013491743858236038,37.59372158312177,0.3734413446968111,1.0,1.0
144,graph_xgboost,33.52689611217336,32.319732666015625,inside-out/inactive/denver/2025-03-07/ping-fe80::200:5eff:fe00:101-10ms-1h-2025-03-07-02-00-00.txt,denver,inactive,51,1741315860,2025-03-07 02:51:00,34.126453726453725,33.52689611217336,0.346595580877989,-0.023398756722777136,40.42402488220502,0.38519449331056566,1.0,2.0
145,graph_xgboost,32.65306348153064,32.564327239990234,inside-out/inactive/denver/2025-03-07/ping-fe80::200:5eff:fe00:101-10ms-1h-2025-03-07-02-00-00.txt,denver,inactive,52,1741315920,2025-03-07 02:52:00,33.52689611217336,32.65306348153064,0.33853040367865644,0.011342155009451793,35.50644758626815,0.3649340770783799,1.0,2.0
146,graph_xgboost,25.5314998844465,34.40624237060547,inside-out/inactive/denver/2025-03-07/ping-fe80::200:5eff:fe00:101-10ms-1h-2025-03-07-02-00-00.txt,denver,inactive,53,1741315980,2025-03-07 02:53:00,32.65306348153064,25.5314998844465,0.3458875874765166,0.03890306122448983,39.95140140693083,0.3891202253715876,1.0,2.0
147,graph_xgboost,29.854749721913237,34.168888092041016,inside-out/inactive/denver/2025-03-07/ping-fe80::200:5eff:fe00:101-10ms-1h-2025-03-07-02-00-00.txt,denver,inactive,54,1741316040,2025-03-07 02:54:00,25.5314998844465,29.854749721913237,0.34032547185593326,0.04234599778679449,38.48603389646254,0.3801554375478385,1.0,2.0
148,graph_xgboost,46.64715704924963,32.503597259521484,inside-out/inactive/denver/2025-03-07/ping-fe80::200:5eff:fe00:101-10ms-1h-2025-03-07-02-00-00.txt,denver,inactive,55,1741316100,2025-03-07 02:55:00,29.854749721913237,46.64715704924963,0.3798602953420993,-0.010642284343850728,36.01324890184616,0.36339346437568615,1.0,2.0
149,graph_xgboost,29.687505112474437,31.080175399780273,inside-out/inactive/denver/2025-03-07/ping-fe80::200:5eff:fe00:101-10ms-1h-2025-03-07-02-00-00.txt,denver,inactive,56,1741316160,2025-03-07 02:56:00,46.64715704924963,29.687505112474437,0.5664980479736663,-0.047222017265549976,41.75248737917115,0.3882588416249868,1.0,2.0
150,graph_xgboost,32.21944853715007,29.793378829956055,inside-out/inactive/denver/2025-03-07/ping-fe80::200:5eff:fe00:101-10ms-1h-2025-03-07-02-00-00.txt,denver,inactive,57,1741316220,2025-03-07 02:57:00,29.687505112474437,32.21944853715007,0.37132933971901494,-0.0392462453952962,37.217881895289075,0.3691969891140495,1.0,2.0
151,graph_xgboost,32.59372693726937,31.817045211791992,inside-out/inactive/denver/2025-03-07/ping-fe80::200:5eff:fe00:101-10ms-1h-2025-03-07-02-00-00.txt,denver,inactive,58,1741316280,2025-03-07 02:58:00,32.21944853715007,32.59372693726937,0.38384379258635404,0.008279988867241905,39.6111123442652,0.37707416679569256,1.0,2.0
152,graph_xgboost,33.919230769230765,37.3123664855957,inside-out/inactive/denver/2025-03-07/ping-fe80::200:5eff:fe00:101-10ms-1h-2025-03-07-02-00-00.txt,denver,inactive,59,1741316340,2025-03-07 02:59:00,32.59372693726937,33.919230769230765,0.36163448396454445,-0.007920655692540635,47.746959471700606,0.3984434779562129,1.0,2.0
153,graph_xgboost,29.022873022659255,33.39180374145508,inside-out/inactive/ottawa/2025-03-11/ping-fe80::200:5eff:fe00:101-10ms-1h-2025-03-11-02-00-00.txt,ottawa,inactive,51,1741661460,2025-03-11 02:51:00,35.3710623461854,29.022873022659255,0.3823080510591413,-0.005499037668408091,40.34105097422291,0.3828136619651555,1.0,2.0
154,graph_xgboost,35.43489422879441,32.1148681640625,inside-out/inactive/ottawa/2025-03-11/ping-fe80::200:5eff:fe00:101-10ms-1h-2025-03-11-02-00-00.txt,ottawa,inactive,52,1741661520,2025-03-11 02:52:00,29.022873022659255,35.43489422879441,0.33668252292729334,0.02168002788428025,35.806715792235764,0.36505726912847075,1.0,2.0
155,graph_xgboost,35.50029523407845,34.53583526611328,inside-out/inactive/ottawa/2025-03-11/ping-fe80::200:5eff:fe00:101-10ms-1h-2025-03-11-02-00-00.txt,ottawa,inactive,53,1741661580,2025-03-11 02:53:00,35.43489422879441,35.50029523407845,0.3918566224089404,-0.012757401372807342,39.765946023779904,0.38605562304275937,1.0,2.0
156,graph_xgboost,35.8703422053232,35.34095001220703,inside-out/inactive/ottawa/2025-03-11/ping-fe80::200:5eff:fe00:101-10ms-1h-2025-03-11-02-00-00.txt,ottawa,inactive,54,1741661640,2025-03-11 02:54:00,35.50029523407845,35.8703422053232,0.39384722275028256,0.004408985933235354,37.821447539820404,0.37658732082154855,1.0,2.0
157,graph_xgboost,37.53561093247588,32.6027717590332,inside-out/inactive/ottawa/2025-03-11/ping-fe80::200:5eff:fe00:101-10ms-1h-2025-03-11-02-00-00.txt,ottawa,inactive,55,1741661700,2025-03-11 02:55:00,35.8703422053232,37.53561093247588,0.33804575572600565,-0.026218510405257467,35.61220940295217,0.36618110035009244,1.0,2.0
158,graph_xgboost,31.99962353873588,34.214698791503906,inside-out/inactive/ottawa/2025-03-11/ping-fe80::200:5eff:fe00:101-10ms-1h-2025-03-11-02-00-00.txt,ottawa,inactive,56,1741661760,2025-03-11 02:56:00,37.53561093247588,31.99962353873588,0.3546149355826522,-0.014475025484199877,42.35992378695607,0.4023843824510544,1.0,2.0
159,graph_xgboost,35.43240890688259,31.773115158081055,inside-out/inactive/ottawa/2025-03-11/ping-fe80::200:5eff:fe00:101-10ms-1h-2025-03-11-02-00-00.txt,ottawa,inactive,57,1741661820,2025-03-11 02:57:00,31.99962353873588,35.43240890688259,0.3305317687934006,-0.00805592543275635,37.063740666871645,0.3719168271757571,1.0,2.0
160,graph_xgboost,35.705668103448275,34.62041091918945,inside-out/inactive/ottawa/2025-03-11/ping-fe80::200:5eff:fe00:101-10ms-1h-2025-03-11-02-00-00.txt,ottawa,inactive,58,1741661880,2025-03-11 02:58:00,35.43240890688259,35.705668103448275,0.36736344593958453,0.009556907037358897,39.396914986283036,0.37817285657214383,1.0,2.0
161,graph_xgboost,46.8,35.89298629760742,inside-out/inactive/ottawa/2025-03-11/ping-fe80::200:5eff:fe00:101-10ms-1h-2025-03-11-02-00-00.txt,ottawa,inactive,59,1741661940,2025-03-11 02:59:00,35.705668103448275,46.8,0.3823308488002953,0.048335270390374,47.357966825928244,0.39585643235174406,1.0,2.0
