policy_name,decision_count,mean_realized_latency_ms,mean_decision_gap_ms,retrospective_best_path_match_rate,success_rate_under_60ms,p95_realized_latency_ms,cvar95_realized_latency_ms,mean_decision_time_us,switch_rate,mean_end_to_end_latency_ms,p95_end_to_end_latency_ms,control_loop_latency_ms,stale_decision_rate,mean_feasible_candidate_count,no_feasible_candidate_rate,scenario_name
random,119,59.627616622786185,14.78253209875242,0.5210084033613446,0.5546218487394958,77.09941118199131,101.84542483656556,545.5308487394958,0.05042016806722689,59.627616622786185,77.09941118199131,0.0,0.0,1.504201680672269,0.0,session_holdout
best_historical_path,119,44.84508452403377,0.0,1.0,0.7563025210084033,72.77792008346441,75.90312118170614,334.8781428571429,0.008403361344537815,44.84508452403377,72.77792008346441,0.0,0.0,1.504201680672269,0.0,session_holdout
highest_reply_availability,119,51.75568781005541,6.9106032860216375,0.7899159663865546,0.680672268907563,75.0811631231755,98.79311021573415,334.38936134453786,0.2857142857142857,51.75568781005541,75.0811631231755,0.0,0.0,1.504201680672269,0.0,session_holdout
reactive_greedy,119,44.84508452403377,0.0,1.0,0.7563025210084033,72.77792008346441,75.90312118170614,330.92817647058826,0.008403361344537815,44.84508452403377,72.77792008346441,0.0,0.0,1.504201680672269,0.0,session_holdout
predictive_greedy,119,44.84508452403377,0.0,1.0,0.7563025210084033,72.77792008346441,75.90312118170614,343.81793277310925,0.008403361344537815,44.84508452403377,72.77792008346441,0.0,0.0,1.504201680672269,0.0,session_holdout
predictive_graph_greedy,119,44.84508452403377,0.0,1.0,0.7563025210084033,72.77792008346441,75.90312118170614,331.79337815126047,0.008403361344537815,44.84508452403377,72.77792008346441,0.0,0.0,1.504201680672269,0.0,session_holdout
predictive_simple_fusion_greedy,119,44.84508452403377,0.0,1.0,0.7563025210084033,72.77792008346441,75.90312118170614,325.51088235294117,0.008403361344537815,44.84508452403377,72.77792008346441,0.0,0.0,1.504201680672269,0.0,session_holdout
predictive_consensus_greedy,119,44.84508452403377,0.0,1.0,0.7563025210084033,72.77792008346441,75.90312118170614,333.08439495798325,0.008403361344537815,44.84508452403377,72.77792008346441,0.0,0.0,1.504201680672269,0.0,session_holdout
calibrated_fusion_selector,119,44.84508452403377,0.0,1.0,0.7563025210084033,72.77792008346441,75.90312118170614,337.17015966386555,0.008403361344537815,44.84508452403377,72.77792008346441,0.0,0.0,1.504201680672269,0.0,session_holdout
disagreement_only_selector,119,44.84508452403377,0.0,1.0,0.7563025210084033,72.77792008346441,75.90312118170614,343.25005042016807,0.008403361344537815,44.84508452403377,72.77792008346441,0.0,0.0,1.504201680672269,0.0,session_holdout
ensemble_uncertainty_selector,119,44.84508452403377,0.0,1.0,0.7563025210084033,72.77792008346441,75.90312118170614,329.2288823529411,0.008403361344537815,44.84508452403377,72.77792008346441,0.0,0.0,1.504201680672269,0.0,session_holdout
conformal_uncertainty_selector,119,44.84508452403377,0.0,1.0,0.7563025210084033,72.77792008346441,75.90312118170614,324.4023781512605,0.008403361344537815,44.84508452403377,72.77792008346441,0.0,0.0,1.504201680672269,0.0,session_holdout
calibrated_operational_selector,119,44.84508452403377,0.0,1.0,0.7563025210084033,72.77792008346441,75.90312118170614,324.41145378151265,0.008403361344537815,44.84508452403377,72.77792008346441,0.0,0.0,1.504201680672269,0.0,session_holdout
switch_aware_operational_selector,119,44.84508452403377,0.0,1.0,0.7563025210084033,72.77792008346441,75.90312118170614,466.2829663865547,0.008403361344537815,44.84508452403377,72.77792008346441,0.0,0.0,1.504201680672269,0.0,session_holdout
random,28,45.43303253634586,6.56364865131127,0.4642857142857143,0.9285714285714286,59.74002072120238,84.91177442189712,804.5923214285714,0.32142857142857145,45.43303253634586,59.74002072120238,0.0,0.0,4.821428571428571,0.0,temporal_holdout
best_historical_path,28,41.30570030515868,2.4363164201240943,0.5,0.9642857142857143,57.07585033961099,59.38279438294873,3264.9806428571433,0.07142857142857142,41.30570030515868,57.07585033961099,0.0,0.0,4.821428571428571,0.0,temporal_holdout
highest_reply_availability,28,47.65353390932018,8.784150024285596,0.21428571428571427,0.8571428571428571,67.7095785255167,88.8748575836696,696.326107142857,0.6785714285714286,47.65353390932018,67.7095785255167,0.0,0.0,4.821428571428571,0.0,temporal_holdout
reactive_greedy,28,43.426592080707046,4.5572081956724615,0.32142857142857145,0.8928571428571429,61.9088248020949,65.56376735810568,441.18746428571427,0.7142857142857143,43.426592080707046,61.9088248020949,0.0,0.0,4.821428571428571,0.0,temporal_holdout
predictive_greedy,28,41.8903474758025,3.02096359076791,0.42857142857142855,0.9285714285714286,60.025767845255565,61.60068419633321,382.5907857142857,0.5357142857142857,41.8903474758025,60.025767845255565,0.0,0.0,4.821428571428571,0.0,temporal_holdout
predictive_graph_greedy,28,43.086725737133634,4.217341852099047,0.35714285714285715,0.8928571428571429,61.9088248020949,65.56376735810568,384.6265714285714,0.6428571428571429,43.086725737133634,61.9088248020949,0.0,0.0,4.821428571428571,0.0,temporal_holdout
predictive_simple_fusion_greedy,28,43.01230253537686,4.142918650342278,0.35714285714285715,0.8928571428571429,61.9088248020949,65.56376735810568,403.4016785714286,0.6428571428571429,43.01230253537686,61.9088248020949,0.0,0.0,4.821428571428571,0.0,temporal_holdout
predictive_consensus_greedy,28,43.023093573822784,4.153709688788203,0.35714285714285715,0.8928571428571429,61.9088248020949,65.56376735810568,377.35564285714287,0.7142857142857143,43.023093573822784,61.9088248020949,0.0,0.0,4.821428571428571,0.0,temporal_holdout
calibrated_fusion_selector,28,43.01230253537686,4.142918650342278,0.35714285714285715,0.8928571428571429,61.9088248020949,65.56376735810568,389.8779285714286,0.6428571428571429,43.01230253537686,61.9088248020949,0.0,0.0,4.821428571428571,0.0,temporal_holdout
disagreement_only_selector,28,42.97876209152638,4.109378206491793,0.39285714285714285,0.8928571428571429,61.9088248020949,65.56376735810568,367.5001071428572,0.6785714285714286,42.97876209152638,61.9088248020949,0.0,0.0,4.821428571428571,0.0,temporal_holdout
ensemble_uncertainty_selector,28,43.09407071531565,4.224686830281076,0.39285714285714285,0.8928571428571429,61.9088248020949,64.43500072693072,381.63550000000004,0.6071428571428571,43.09407071531565,61.9088248020949,0.0,0.0,4.821428571428571,0.0,temporal_holdout
conformal_uncertainty_selector,28,42.784696207039595,3.9153123220050134,0.39285714285714285,0.8928571428571429,61.9088248020949,64.43500072693072,377.302,0.6071428571428571,42.784696207039595,61.9088248020949,0.0,0.0,4.821428571428571,0.0,temporal_holdout
calibrated_operational_selector,28,42.084504070656024,3.215120185621437,0.42857142857142855,0.9285714285714286,59.74002072120238,61.60068419633321,393.27978571428565,0.5,42.084504070656024,59.74002072120238,0.0,0.0,4.821428571428571,0.0,temporal_holdout
switch_aware_operational_selector,28,41.469066736989916,2.5996828519553254,0.4642857142857143,0.9642857142857143,57.07585033961099,59.38279438294873,500.62039285714275,0.07142857142857142,41.469066736989916,57.07585033961099,0.0,0.0,4.821428571428571,0.0,temporal_holdout
random,119,43.96429623712116,5.643895929890019,0.4789915966386555,0.8319327731092437,72.1585947114305,77.66709456020388,464.13684033613447,0.18487394957983194,43.96429623712116,72.1585947114305,0.0,0.0,3.495798319327731,0.0,site_holdout
best_historical_path,119,43.1335910523512,4.8131907451200435,0.3445378151260504,0.7563025210084033,72.77792008346441,75.90312118170614,384.4943865546219,0.008403361344537815,43.1335910523512,72.77792008346441,0.0,0.0,3.495798319327731,0.0,site_holdout
highest_reply_availability,119,42.85621665138197,4.535816344150826,0.40336134453781514,0.8151260504201681,72.10028798300142,76.98026720264768,382.6292268907563,0.5042016806722689,42.85621665138197,72.10028798300142,0.0,0.0,3.495798319327731,0.0,site_holdout
reactive_greedy,119,41.925901517975596,3.6055012107444404,0.44537815126050423,0.8403361344537815,71.26037254901959,74.81031103835214,387.4776218487395,0.5714285714285714,41.925901517975596,71.26037254901959,0.0,0.0,3.495798319327731,0.0,site_holdout
predictive_greedy,119,41.64473627963587,3.324335972404726,0.453781512605042,0.8319327731092437,72.11747321118625,75.36247042569507,383.65652941176467,0.453781512605042,41.64473627963587,72.11747321118625,0.0,0.0,3.495798319327731,0.0,site_holdout
predictive_graph_greedy,119,41.938420034820176,3.618019727589027,0.4369747899159664,0.8403361344537815,71.26037254901959,74.81031103835214,379.449243697479,0.5882352941176471,41.938420034820176,71.26037254901959,0.0,0.0,3.495798319327731,0.0,site_holdout
predictive_simple_fusion_greedy,119,41.72239705337462,3.401996746143466,0.5126050420168067,0.8403361344537815,72.58877836543975,75.36247042569507,397.8228319327731,0.5462184873949579,41.72239705337462,72.58877836543975,0.0,0.0,3.495798319327731,0.0,site_holdout
predictive_consensus_greedy,119,41.73511620976116,3.414715902530018,0.42857142857142855,0.8319327731092437,72.11747321118625,75.36247042569507,375.46736974789917,0.47058823529411764,41.73511620976116,72.11747321118625,0.0,0.0,3.495798319327731,0.0,site_holdout
calibrated_fusion_selector,119,41.87807141605139,3.557671108820242,0.5042016806722689,0.8403361344537815,72.58877836543975,75.36247042569507,382.81369747899157,0.5462184873949579,41.87807141605139,72.58877836543975,0.0,0.0,3.495798319327731,0.0,site_holdout
disagreement_only_selector,119,41.72823415157959,3.4078338443484455,0.42857142857142855,0.8319327731092437,72.11747321118625,75.36247042569507,381.49478151260513,0.4789915966386555,41.72823415157959,72.11747321118625,0.0,0.0,3.495798319327731,0.0,site_holdout
ensemble_uncertainty_selector,119,41.54764696984544,3.2272466626142915,0.4789915966386555,0.8487394957983193,72.26336767501205,75.73881822253512,384.6722773109244,0.453781512605042,41.54764696984544,72.26336767501205,0.0,0.0,3.495798319327731,0.0,site_holdout
conformal_uncertainty_selector,119,42.10923727277066,3.7888369655395078,0.453781512605042,0.8235294117647058,72.73467282926555,75.73881822253512,395.88101680672264,0.4789915966386555,42.10923727277066,72.73467282926555,0.0,0.0,3.495798319327731,0.0,site_holdout
calibrated_operational_selector,119,41.69915949084113,3.378759183609978,0.46218487394957986,0.8403361344537815,71.26037254901959,74.81031103835214,380.27907563025207,0.5546218487394958,41.69915949084113,71.26037254901959,0.0,0.0,3.495798319327731,0.0,site_holdout
switch_aware_operational_selector,119,41.63975917832281,3.319358871091664,0.48739495798319327,0.8403361344537815,71.03966278807214,74.16410827136137,512.4372941176471,0.13445378151260504,41.63975917832281,71.03966278807214,0.0,0.0,3.495798319327731,0.0,site_holdout
random,28,52.330042079513284,10.920831144688501,0.32142857142857145,0.75,71.16930285081587,101.75218141142543,402.75896428571434,0.32142857142857145,52.330042079513284,71.16930285081587,0.0,0.0,4.821428571428571,0.0,operational_mild
best_historical_path,28,45.450690017714656,4.041479082889876,0.39285714285714285,0.8214285714285714,66.87940067505481,70.47012764682077,382.16671428571436,0.07142857142857142,45.450690017714656,66.87940067505481,0.0,0.0,4.821428571428571,0.0,operational_mild
highest_reply_availability,28,44.79804248429212,3.388831549467331,0.5357142857142857,0.8928571428571429,64.25816033357098,67.37094853616422,387.44646428571434,0.7142857142857143,44.79804248429212,64.25816033357098,0.0,0.0,4.821428571428571,0.0,operational_mild
reactive_greedy,28,44.532087274461105,3.1228763396363313,0.5,0.8214285714285714,65.64611555152038,67.37094853616422,378.5401428571428,0.6785714285714286,44.532087274461105,65.64611555152038,0.0,0.0,4.821428571428571,0.0,operational_mild
predictive_greedy,28,45.333851322751016,3.9246403879262344,0.4642857142857143,0.8571428571428571,63.870174709620386,66.33933940714813,385.16217857142857,0.6071428571428571,45.333851322751016,63.870174709620386,0.0,0.0,4.821428571428571,0.0,operational_mild
predictive_graph_greedy,28,44.532087274461105,3.1228763396363313,0.5,0.8214285714285714,65.64611555152038,67.37094853616422,396.0713928571428,0.6785714285714286,44.532087274461105,65.64611555152038,0.0,0.0,4.821428571428571,0.0,operational_mild
predictive_simple_fusion_greedy,28,44.14479280877902,2.7355818739542452,0.5714285714285714,0.8214285714285714,65.64611555152038,67.37094853616422,379.58475000000004,0.5714285714285714,44.14479280877902,65.64611555152038,0.0,0.0,4.821428571428571,0.0,operational_mild
predictive_consensus_greedy,28,44.155583847224946,2.74637291240017,0.5357142857142857,0.8214285714285714,65.64611555152038,67.37094853616422,379.29771428571433,0.6428571428571429,44.155583847224946,65.64611555152038,0.0,0.0,4.821428571428571,0.0,operational_mild
calibrated_fusion_selector,28,44.14479280877902,2.7355818739542452,0.5714285714285714,0.8214285714285714,65.64611555152038,67.37094853616422,377.5328214285714,0.5714285714285714,44.14479280877902,65.64611555152038,0.0,0.0,4.821428571428571,0.0,operational_mild
disagreement_only_selector,28,44.244947219545004,2.8357362847202254,0.5357142857142857,0.8214285714285714,65.64611555152038,67.37094853616422,381.3912142857143,0.6428571428571429,44.244947219545004,65.64611555152038,0.0,0.0,4.821428571428571,0.0,operational_mild
ensemble_uncertainty_selector,28,44.76302936916001,3.353818434335234,0.5357142857142857,0.8214285714285714,63.870174709620386,65.39065854289088,398.25303571428566,0.7142857142857143,44.76302936916001,63.870174709620386,0.0,0.0,4.821428571428571,0.0,operational_mild
conformal_uncertainty_selector,28,43.85972681005561,2.4505158752308316,0.5357142857142857,0.8571428571428571,63.870174709620386,65.39065854289088,386.2484285714286,0.6071428571428571,43.85972681005561,63.870174709620386,0.0,0.0,4.821428571428571,0.0,operational_mild
calibrated_operational_selector,28,44.004578942556975,2.595368007732202,0.5357142857142857,0.8571428571428571,63.870174709620386,65.39065854289088,382.57878571428574,0.7142857142857143,44.004578942556975,63.870174709620386,0.0,0.0,4.821428571428571,0.0,operational_mild
switch_aware_operational_selector,28,45.27461870458694,3.8654077697621667,0.42857142857142855,0.8214285714285714,66.87940067505481,68.31962940042148,498.25596428571436,0.21428571428571427,45.27461870458694,66.87940067505481,0.0,0.0,4.821428571428571,0.0,operational_mild
random,28,65.40207215233758,20.66270754319772,0.32142857142857145,0.35714285714285715,91.38987719040418,100.32256122152933,399.0578928571428,0.32142857142857145,65.40207215233758,91.38987719040418,0.0,0.0,4.821428571428571,0.0,operational_moderate
best_historical_path,28,58.49445096358041,13.755086354440554,0.35714285714285715,0.5714285714285714,90.76684880895525,91.38762922498083,412.31392857142856,0.07142857142857142,58.49445096358041,90.76684880895525,0.0,0.0,4.821428571428571,0.0,operational_moderate
highest_reply_availability,28,52.34138582934099,7.602021220201114,0.5357142857142857,0.7857142857142857,98.11447793905674,105.49533102818516,392.4672857142856,0.6428571428571429,52.34138582934099,98.11447793905674,0.0,0.0,4.821428571428571,0.0,operational_moderate
reactive_greedy,28,47.461112475669744,2.7217478665298733,0.6785714285714286,0.8214285714285714,85.75577611254127,96.56039903163666,390.5950714285714,0.4642857142857143,47.461112475669744,85.75577611254127,0.0,0.0,4.821428571428571,0.0,operational_moderate
predictive_greedy,28,52.96810895744858,8.228744348308703,0.5357142857142857,0.6785714285714286,85.15134892277212,89.00841763171391,373.67999999999995,0.5357142857142857,52.96810895744858,85.15134892277212,0.0,0.0,4.821428571428571,0.0,operational_moderate
predictive_graph_greedy,28,47.297746043838515,2.558381434698642,0.7142857142857143,0.8214285714285714,85.75577611254127,96.56039903163666,389.6606785714285,0.4642857142857143,47.297746043838515,85.75577611254127,0.0,0.0,4.821428571428571,0.0,operational_moderate
predictive_simple_fusion_greedy,28,48.27475798946422,3.535393380324354,0.6428571428571429,0.7857142857142857,87.24821008426858,96.56039903163666,390.53275,0.5714285714285714,48.27475798946422,87.24821008426858,0.0,0.0,4.821428571428571,0.0,operational_moderate
predictive_consensus_greedy,28,47.129289201256526,2.3899245921166563,0.6785714285714286,0.8214285714285714,85.75577611254127,96.56039903163666,371.49253571428574,0.5,47.129289201256526,85.75577611254127,0.0,0.0,4.821428571428571,0.0,operational_moderate
calibrated_fusion_selector,28,48.27475798946422,3.535393380324354,0.6428571428571429,0.7857142857142857,87.24821008426858,96.56039903163666,390.5119285714286,0.5714285714285714,48.27475798946422,87.24821008426858,0.0,0.0,4.821428571428571,0.0,operational_moderate
disagreement_only_selector,28,47.08495771896012,2.345593109820247,0.7142857142857143,0.8214285714285714,85.75577611254127,96.56039903163666,390.52092857142856,0.4642857142857143,47.08495771896012,85.75577611254127,0.0,0.0,4.821428571428571,0.0,operational_moderate
ensemble_uncertainty_selector,28,52.993001353729426,8.253636744589556,0.5357142857142857,0.6785714285714286,85.15134892277212,89.00841763171391,409.86303571428573,0.4642857142857143,52.993001353729426,85.15134892277212,0.0,0.0,4.821428571428571,0.0,operational_moderate
conformal_uncertainty_selector,28,46.88743574647698,2.1480711373371135,0.7142857142857143,0.7857142857142857,76.89423875617987,84.5635688097019,371.6875,0.4642857142857143,46.88743574647698,76.89423875617987,0.0,0.0,4.821428571428571,0.0,operational_moderate
calibrated_operational_selector,28,47.81026856162897,3.070903952489106,0.6428571428571429,0.8214285714285714,85.75577611254127,96.56039903163666,386.58475,0.5714285714285714,47.81026856162897,85.75577611254127,0.0,0.0,4.821428571428571,0.0,operational_moderate
switch_aware_operational_selector,28,48.72485945466098,3.9854948455211034,0.7142857142857143,0.75,80.16694682804822,92.47014115221725,519.0222142857143,0.2857142857142857,48.72485945466098,80.16694682804822,0.0,0.0,4.821428571428571,0.0,operational_moderate
random,28,75.2396069767566,22.821884788052362,0.39285714285714285,0.39285714285714285,110.19779151304795,112.29792614289775,403.6159642857143,0.32142857142857145,75.2396069767566,110.19779151304795,0.0,0.0,4.821428571428571,0.0,operational_severe
best_historical_path,28,74.85801480846143,22.440292619757173,0.4642857142857143,0.35714285714285715,109.21867375284239,112.29792614289775,420.8138928571429,0.07142857142857142,74.85801480846143,109.21867375284239,0.0,0.0,4.821428571428571,0.0,operational_severe
highest_reply_availability,28,57.23254145622396,4.814819267519714,0.6428571428571429,0.6785714285714286,110.30020248816392,112.37670381606388,390.1726428571429,0.6785714285714286,57.23254145622396,110.30020248816392,0.0,0.0,4.821428571428571,0.0,operational_severe
reactive_greedy,28,55.58901562303619,3.171293434331929,0.6785714285714286,0.7142857142857143,109.10107982558291,116.93584160433844,375.83185714285713,0.6071428571428571,55.58901562303619,109.10107982558291,0.0,0.0,4.821428571428571,0.0,operational_severe
predictive_greedy,28,62.56741582137732,10.149693632673051,0.6428571428571429,0.5714285714285714,109.32108472795835,116.93584160433844,396.5267857142858,0.5714285714285714,62.56741582137732,109.32108472795835,0.0,0.0,4.821428571428571,0.0,operational_severe
predictive_graph_greedy,28,55.58901562303619,3.171293434331929,0.6785714285714286,0.7142857142857143,109.10107982558291,116.93584160433844,374.27975,0.6071428571428571,55.58901562303619,109.10107982558291,0.0,0.0,4.821428571428571,0.0,operational_severe
predictive_simple_fusion_greedy,28,54.90759178984422,2.4898696011399557,0.75,0.7142857142857143,109.10107982558291,116.93584160433844,371.52824999999996,0.6428571428571429,54.90759178984422,109.10107982558291,0.0,0.0,4.821428571428571,0.0,operational_severe
predictive_consensus_greedy,28,54.86326030754781,2.445538118843547,0.7857142857142857,0.7142857142857143,109.10107982558291,116.93584160433844,398.2246071428571,0.6428571428571429,54.86326030754781,109.10107982558291,0.0,0.0,4.821428571428571,0.0,operational_severe
calibrated_fusion_selector,28,54.90759178984422,2.4898696011399557,0.75,0.7142857142857143,109.10107982558291,116.93584160433844,383.20367857142855,0.6428571428571429,54.90759178984422,109.10107982558291,0.0,0.0,4.821428571428571,0.0,operational_severe
disagreement_only_selector,28,54.86326030754781,2.445538118843547,0.7857142857142857,0.7142857142857143,109.10107982558291,116.93584160433844,441.58335714285715,0.6428571428571429,54.86326030754781,109.10107982558291,0.0,0.0,4.821428571428571,0.0,operational_severe
ensemble_uncertainty_selector,28,59.07473704759025,6.657014858885981,0.7142857142857143,0.6428571428571429,112.830006120192,118.44684928476552,381.4895,0.6428571428571429,59.07473704759025,112.830006120192,0.0,0.0,4.821428571428571,0.0,operational_severe
conformal_uncertainty_selector,28,53.9733301980216,1.5556080093173432,0.8214285714285714,0.75,109.10107982558291,116.93584160433844,395.2306428571429,0.6428571428571429,53.9733301980216,109.10107982558291,0.0,0.0,4.821428571428571,0.0,operational_severe
calibrated_operational_selector,28,54.699085513509985,2.2813633248057252,0.7142857142857143,0.75,109.10107982558291,116.93584160433844,378.9612500000001,0.6071428571428571,54.699085513509985,109.10107982558291,0.0,0.0,4.821428571428571,0.0,operational_severe
switch_aware_operational_selector,28,55.926852289839545,3.5091301011352876,0.75,0.7142857142857143,105.7381987419995,116.1934097644859,499.0923214285714,0.25,55.926852289839545,105.7381987419995,0.0,0.0,4.821428571428571,0.0,operational_severe
