row_id,model_name,y_true,y_pred,relative_path,location,path_state,session_bin_index,bin_epoch,bin_start_utc,latency_mean_ms,target_next,burst_indicator,reply_pressure_score
0,persistence,38.223700092850514,29.969971484974774,inside-out/active/brisbane/2025-03-20/ping-sydyaus1-2406:2d40:4600:8118::1-10ms-1h-2025-03-20-20-00-00.txt,brisbane,active,51,1742503860,2025-03-20 20:51:00,29.969971484974774,38.223700092850514,0.3226307580548009,-0.0584274880049529
1,persistence,34.94806936416185,38.223700092850514,inside-out/active/brisbane/2025-03-20/ping-sydyaus1-2406:2d40:4600:8118::1-10ms-1h-2025-03-20-20-00-00.txt,brisbane,active,52,1742503920,2025-03-20 20:52:00,38.223700092850514,34.94806936416185,0.40985199987805615,0.015389303672101118
2,persistence,34.46817436137802,34.94806936416185,inside-out/active/brisbane/2025-03-20/ping-sydyaus1-2406:2d40:4600:8118::1-10ms-1h-2025-03-20-20-00-00.txt,brisbane,active,53,1742503980,2025-03-20 20:53:00,34.94806936416185,34.46817436137802,0.384612790335829,0.016449363250454763
3,persistence,35.82728548047697,34.46817436137802,inside-out/active/brisbane/2025-03-20/ping-sydyaus1-2406:2d40:4600:8118::1-10ms-1h-2025-03-20-20-00-00.txt,brisbane,active,54,1742504040,2025-03-20 20:54:00,34.46817436137802,35.82728548047697,0.3417633345245585,0.007674418604651123
4,persistence,33.74127810650887,35.82728548047697,inside-out/active/brisbane/2025-03-20/ping-sydyaus1-2406:2d40:4600:8118::1-10ms-1h-2025-03-20-20-00-00.txt,brisbane,active,55,1742504100,2025-03-20 20:55:00,35.82728548047697,33.74127810650887,0.34795619143604456,0.002952832387908999
5,persistence,39.04531400966184,33.74127810650887,inside-out/active/brisbane/2025-03-20/ping-sydyaus1-2406:2d40:4600:8118::1-10ms-1h-2025-03-20-20-00-00.txt,brisbane,active,56,1742504160,2025-03-20 20:56:00,33.74127810650887,39.04531400966184,0.3369523206770058,0.007361578823713577
6,persistence,37.20909303960628,39.04531400966184,inside-out/active/brisbane/2025-03-20/ping-sydyaus1-2406:2d40:4600:8118::1-10ms-1h-2025-03-20-20-00-00.txt,brisbane,active,57,1742504220,2025-03-20 20:57:00,39.04531400966184,37.20909303960628,0.3899424496528146,0.017560512577123877
7,persistence,42.084791615890815,37.20909303960628,inside-out/active/brisbane/2025-03-20/ping-sydyaus1-2406:2d40:4600:8118::1-10ms-1h-2025-03-20-20-00-00.txt,brisbane,active,58,1742504280,2025-03-20 20:58:00,37.20909303960628,42.084791615890815,0.3627652418791989,-0.013378720709309677
8,persistence,39.516666666666666,42.084791615890815,inside-out/active/brisbane/2025-03-20/ping-sydyaus1-2406:2d40:4600:8118::1-10ms-1h-2025-03-20-20-00-00.txt,brisbane,active,59,1742504340,2025-03-20 20:59:00,42.084791615890815,39.516666666666666,0.38179279375390224,0.016067146282973566
9,persistence,29.142605061527743,35.31885401806942,inside-out/active/bruhl/2025-03-27/ping-frntdeu1-2a0d:3341:b100:1e99::1-10ms-1h-2025-03-27-03-00-00.txt,bruhl,active,51,1743047460,2025-03-27 03:51:00,35.31885401806942,29.142605061527743,0.3993782123995333,0.012907768129547081
10,persistence,29.473612764944033,29.142605061527743,inside-out/active/bruhl/2025-03-27/ping-frntdeu1-2a0d:3341:b100:1e99::1-10ms-1h-2025-03-27-03-00-00.txt,bruhl,active,52,1743047520,2025-03-27 03:52:00,29.142605061527743,29.473612764944033,0.33931863086046293,-0.011903829587281756
11,persistence,29.340230696798493,29.473612764944033,inside-out/active/bruhl/2025-03-27/ping-frntdeu1-2a0d:3341:b100:1e99::1-10ms-1h-2025-03-27-03-00-00.txt,bruhl,active,53,1743047580,2025-03-27 03:53:00,29.473612764944033,29.340230696798493,0.35376697052375555,0.009046570169918167
12,persistence,30.994528802120993,29.340230696798493,inside-out/active/bruhl/2025-03-27/ping-frntdeu1-2a0d:3341:b100:1e99::1-10ms-1h-2025-03-27-03-00-00.txt,bruhl,active,54,1743047640,2025-03-27 03:54:00,29.340230696798493,30.994528802120993,0.3357315898872652,0.0007840677434529653
13,persistence,32.3929329474192,30.994528802120993,inside-out/active/bruhl/2025-03-27/ping-frntdeu1-2a0d:3341:b100:1e99::1-10ms-1h-2025-03-27-03-00-00.txt,bruhl,active,55,1743047700,2025-03-27 03:55:00,30.994528802120993,32.3929329474192,0.35929474389570865,0.011829152111781593
14,persistence,29.37820250284414,32.3929329474192,inside-out/active/bruhl/2025-03-27/ping-frntdeu1-2a0d:3341:b100:1e99::1-10ms-1h-2025-03-27-03-00-00.txt,bruhl,active,56,1743047760,2025-03-27 03:56:00,32.3929329474192,29.37820250284414,0.368604212047347,0.008371203061468546
15,persistence,33.45215219976219,29.37820250284414,inside-out/active/bruhl/2025-03-27/ping-frntdeu1-2a0d:3341:b100:1e99::1-10ms-1h-2025-03-27-03-00-00.txt,bruhl,active,57,1743047820,2025-03-27 03:57:00,29.37820250284414,33.45215219976219,0.33295595008949747,-0.03900709219858145
16,persistence,31.3026859995246,33.45215219976219,inside-out/active/bruhl/2025-03-27/ping-frntdeu1-2a0d:3341:b100:1e99::1-10ms-1h-2025-03-27-03-00-00.txt,bruhl,active,58,1743047880,2025-03-27 03:58:00,33.45215219976219,31.3026859995246,0.3769259465696395,0.010277734191118881
17,persistence,33.2,31.3026859995246,inside-out/active/bruhl/2025-03-27/ping-frntdeu1-2a0d:3341:b100:1e99::1-10ms-1h-2025-03-27-03-00-00.txt,bruhl,active,59,1743047940,2025-03-27 03:59:00,31.3026859995246,33.2,0.35902806726966013,0.014523307566174704
18,persistence,24.717385592292533,28.32173029139372,inside-out/active/kanazawa/2025-03-13/ping-2406:2d40:3000:b724::1-10ms-1h-2025-03-13-20-00-00.txt,kanazawa,active,51,1741899060,2025-03-13 20:51:00,28.32173029139372,24.717385592292533,0.40641485947180506,-0.02929551267147179
19,persistence,26.85906612941455,24.717385592292533,inside-out/active/kanazawa/2025-03-13/ping-2406:2d40:3000:b724::1-10ms-1h-2025-03-13-20-00-00.txt,kanazawa,active,52,1741899120,2025-03-13 20:52:00,24.717385592292533,26.85906612941455,0.3714531436862363,-0.038820228978694526
20,persistence,28.234090359990336,26.85906612941455,inside-out/active/kanazawa/2025-03-13/ping-2406:2d40:3000:b724::1-10ms-1h-2025-03-13-20-00-00.txt,kanazawa,active,53,1741899180,2025-03-13 20:53:00,26.85906612941455,28.234090359990336,0.37288165162942927,0.042079769923560106
21,persistence,28.099727891156466,28.234090359990336,inside-out/active/kanazawa/2025-03-13/ping-2406:2d40:3000:b724::1-10ms-1h-2025-03-13-20-00-00.txt,kanazawa,active,54,1741899240,2025-03-13 20:54:00,28.234090359990336,28.099727891156466,0.3890705529870873,0.03930367504835586
22,persistence,26.71778708397619,28.099727891156466,inside-out/active/kanazawa/2025-03-13/ping-2406:2d40:3000:b724::1-10ms-1h-2025-03-13-20-00-00.txt,kanazawa,active,55,1741899300,2025-03-13 20:55:00,28.099727891156466,26.71778708397619,0.3468781536144661,-0.03618421052631571
23,persistence,25.23971631205674,26.71778708397619,inside-out/active/kanazawa/2025-03-13/ping-2406:2d40:3000:b724::1-10ms-1h-2025-03-13-20-00-00.txt,kanazawa,active,56,1741899360,2025-03-13 20:56:00,26.71778708397619,25.23971631205674,0.3318073250047526,-0.040119211370930774
24,persistence,27.224847632442568,25.23971631205674,inside-out/active/kanazawa/2025-03-13/ping-2406:2d40:3000:b724::1-10ms-1h-2025-03-13-20-00-00.txt,kanazawa,active,57,1741899420,2025-03-13 20:57:00,25.23971631205674,27.224847632442568,0.3382674692802259,0.015392701606847803
25,persistence,27.445364937808023,27.224847632442568,inside-out/active/kanazawa/2025-03-13/ping-2406:2d40:3000:b724::1-10ms-1h-2025-03-13-20-00-00.txt,kanazawa,active,58,1741899480,2025-03-13 20:58:00,27.224847632442568,27.445364937808023,0.36636384356608936,0.028541065735539606
26,persistence,23.836363636363636,27.445364937808023,inside-out/active/kanazawa/2025-03-13/ping-2406:2d40:3000:b724::1-10ms-1h-2025-03-13-20-00-00.txt,kanazawa,active,59,1741899540,2025-03-13 20:59:00,27.445364937808023,23.836363636363636,0.3616277559282192,0.008916111024965034
27,persistence,27.417329939842663,32.22610949813355,inside-out/active/lincoln/2025-03-04/ping-dnvrcox1-2605:59c8:5000:8874::1-10ms-1h-2025-03-04-02-00-00.txt,lincoln,active,50,1741056600,2025-03-04 02:50:00,32.22610949813355,27.417329939842663,0.44839333519157343,-0.08019713261648742
28,persistence,23.931289790143833,27.417329939842663,inside-out/active/lincoln/2025-03-04/ping-dnvrcox1-2605:59c8:5000:8874::1-10ms-1h-2025-03-04-02-00-00.txt,lincoln,active,51,1741056660,2025-03-04 02:51:00,27.417329939842663,23.931289790143833,0.3890863286796809,0.038273253226524306
29,persistence,27.88490447197145,23.931289790143833,inside-out/active/lincoln/2025-03-04/ping-dnvrcox1-2605:59c8:5000:8874::1-10ms-1h-2025-03-04-02-00-00.txt,lincoln,active,52,1741056720,2025-03-04 02:52:00,23.931289790143833,27.88490447197145,0.35266716581717855,0.049458348898020255
30,persistence,23.856429078853896,27.88490447197145,inside-out/active/lincoln/2025-03-04/ping-dnvrcox1-2605:59c8:5000:8874::1-10ms-1h-2025-03-04-02-00-00.txt,lincoln,active,53,1741056780,2025-03-04 02:53:00,27.88490447197145,23.856429078853896,0.3791985200396008,-0.07226474561008556
31,persistence,27.85750845002414,23.856429078853896,inside-out/active/lincoln/2025-03-04/ping-dnvrcox1-2605:59c8:5000:8874::1-10ms-1h-2025-03-04-02-00-00.txt,lincoln,active,54,1741056840,2025-03-04 02:54:00,23.856429078853896,27.85750845002414,0.359774542556778,0.04218643683374912
32,persistence,25.46674280493376,27.85750845002414,inside-out/active/lincoln/2025-03-04/ping-dnvrcox1-2605:59c8:5000:8874::1-10ms-1h-2025-03-04-02-00-00.txt,lincoln,active,55,1741056900,2025-03-04 02:55:00,27.85750845002414,25.46674280493376,0.39691897863749376,0.05347349177330896
33,persistence,26.813987518829354,25.46674280493376,inside-out/active/lincoln/2025-03-04/ping-dnvrcox1-2605:59c8:5000:8874::1-10ms-1h-2025-03-04-02-00-00.txt,lincoln,active,56,1741056960,2025-03-04 02:56:00,25.46674280493376,26.813987518829354,0.35604672916292585,-0.03068351251667578
34,persistence,26.92269855595668,26.813987518829354,inside-out/active/lincoln/2025-03-04/ping-dnvrcox1-2605:59c8:5000:8874::1-10ms-1h-2025-03-04-02-00-00.txt,lincoln,active,57,1741057020,2025-03-04 02:57:00,26.813987518829354,26.92269855595668,0.3495532456062378,-0.058783321941216604
35,persistence,25.305642420122364,26.92269855595668,inside-out/active/lincoln/2025-03-04/ping-dnvrcox1-2605:59c8:5000:8874::1-10ms-1h-2025-03-04-02-00-00.txt,lincoln,active,58,1741057080,2025-03-04 02:58:00,26.92269855595668,25.305642420122364,0.3541462898881071,0.011964033588466982
36,persistence,29.03862609935821,34.23733705772812,inside-out/active/manila/2025-03-15/ping-mnlaphl1-100.64.0.1-10ms-1h-2025-03-15-09-00-00.txt,manila,active,50,1742032200,2025-03-15 09:50:00,34.23733705772812,29.03862609935821,0.38619704397701415,-0.00758345711828623
37,persistence,29.07390317700454,29.03862609935821,inside-out/active/manila/2025-03-15/ping-mnlaphl1-100.64.0.1-10ms-1h-2025-03-15-09-00-00.txt,manila,active,51,1742032260,2025-03-15 09:51:00,29.03862609935821,29.07390317700454,0.34325208162302606,0.019118675681977115
38,persistence,33.34923469387755,29.07390317700454,inside-out/active/manila/2025-03-15/ping-mnlaphl1-100.64.0.1-10ms-1h-2025-03-15-09-00-00.txt,manila,active,52,1742032320,2025-03-15 09:52:00,29.07390317700454,33.34923469387755,0.36247941328816674,0.04579356804876089
39,persistence,26.081499649614575,33.34923469387755,inside-out/active/manila/2025-03-15/ping-mnlaphl1-100.64.0.1-10ms-1h-2025-03-15-09-00-00.txt,manila,active,53,1742032380,2025-03-15 09:53:00,33.34923469387755,26.081499649614575,0.3917248401659341,-0.03612334801762107
40,persistence,28.263901188534145,26.081499649614575,inside-out/active/manila/2025-03-15/ping-mnlaphl1-100.64.0.1-10ms-1h-2025-03-15-09-00-00.txt,manila,active,54,1742032440,2025-03-15 09:54:00,26.081499649614575,28.263901188534145,0.3359619509824738,-0.02261326538737163
41,persistence,29.6776123046875,28.263901188534145,inside-out/active/manila/2025-03-15/ping-mnlaphl1-100.64.0.1-10ms-1h-2025-03-15-09-00-00.txt,manila,active,55,1742032500,2025-03-15 09:55:00,28.263901188534145,29.6776123046875,0.36510899285373194,0.0008537721204595616
42,persistence,27.404427592954992,29.6776123046875,inside-out/active/manila/2025-03-15/ping-mnlaphl1-100.64.0.1-10ms-1h-2025-03-15-09-00-00.txt,manila,active,56,1742032560,2025-03-15 09:56:00,29.6776123046875,27.404427592954992,0.3847690061728239,0.029996842437638227
43,persistence,30.366635249764375,27.404427592954992,inside-out/active/manila/2025-03-15/ping-mnlaphl1-100.64.0.1-10ms-1h-2025-03-15-09-00-00.txt,manila,active,57,1742032620,2025-03-15 09:57:00,27.404427592954992,30.366635249764375,0.34018490891382075,0.016913827655310576
44,persistence,28.736724738675957,30.366635249764375,inside-out/active/manila/2025-03-15/ping-mnlaphl1-100.64.0.1-10ms-1h-2025-03-15-09-00-00.txt,manila,active,58,1742032680,2025-03-15 09:58:00,30.366635249764375,28.736724738675957,0.36497673324552427,-0.02446089475378166
45,persistence,30.44886814469078,28.490750915750915,inside-out/active/minneapolis/2025-03-29/ping-mplsmnx1-2605:59ca:1300:1efc::1-10ms-1h-2025-03-29-01-07-29.txt,minneapolis,active,51,1743213480,2025-03-29 01:58:00,28.490750915750915,30.44886814469078,0.3343966530167866,-0.015105740181268867
46,persistence,36.18410404624277,30.44886814469078,inside-out/active/minneapolis/2025-03-29/ping-mplsmnx1-2605:59ca:1300:1efc::1-10ms-1h-2025-03-29-01-07-29.txt,minneapolis,active,52,1743213540,2025-03-29 01:59:00,30.44886814469078,36.18410404624277,0.35606295881546624,0.0037972721636700957
47,persistence,34.45661118816459,36.18410404624277,inside-out/active/minneapolis/2025-03-29/ping-mplsmnx1-2605:59ca:1300:1efc::1-10ms-1h-2025-03-29-01-07-29.txt,minneapolis,active,53,1743213600,2025-03-29 02:00:00,36.18410404624277,34.45661118816459,0.4315067410329985,0.02725497852401404
48,persistence,30.177841179267713,34.45661118816459,inside-out/active/minneapolis/2025-03-29/ping-mplsmnx1-2605:59ca:1300:1efc::1-10ms-1h-2025-03-29-01-07-29.txt,minneapolis,active,54,1743213660,2025-03-29 02:01:00,34.45661118816459,30.177841179267713,0.369957098643122,-0.01684556922353675
49,persistence,41.61684210526316,30.177841179267713,inside-out/active/minneapolis/2025-03-29/ping-mplsmnx1-2605:59ca:1300:1efc::1-10ms-1h-2025-03-29-01-07-29.txt,minneapolis,active,55,1743213720,2025-03-29 02:02:00,30.177841179267713,41.61684210526316,0.33173287385753175,0.005203405865657484
50,persistence,39.74232492336713,41.61684210526316,inside-out/active/minneapolis/2025-03-29/ping-mplsmnx1-2605:59ca:1300:1efc::1-10ms-1h-2025-03-29-01-07-29.txt,minneapolis,active,56,1743213780,2025-03-29 02:03:00,41.61684210526316,39.74232492336713,0.45564320246734596,0.02869144804628687
51,persistence,28.917336255174092,39.74232492336713,inside-out/active/minneapolis/2025-03-29/ping-mplsmnx1-2605:59ca:1300:1efc::1-10ms-1h-2025-03-29-01-07-29.txt,minneapolis,active,57,1743213840,2025-03-29 02:04:00,39.74232492336713,28.917336255174092,0.41132107967786696,-0.015240983083306903
52,persistence,37.658891846116624,28.917336255174092,inside-out/active/minneapolis/2025-03-29/ping-mplsmnx1-2605:59ca:1300:1efc::1-10ms-1h-2025-03-29-01-07-29.txt,minneapolis,active,58,1743213900,2025-03-29 02:05:00,28.917336255174092,37.658891846116624,0.32739322627785183,0.009008284404407596
53,persistence,33.7273163706193,37.658891846116624,inside-out/active/minneapolis/2025-03-29/ping-mplsmnx1-2605:59ca:1300:1efc::1-10ms-1h-2025-03-29-01-07-29.txt,minneapolis,active,59,1743213960,2025-03-29 02:06:00,37.658891846116624,33.7273163706193,0.4104209470855513,0.006569986379296511
54,persistence,29.395587506197323,27.105559481743228,inside-out/active/seattle/2025-03-06/ping-sttlwax1-2605:59c8:900:facf::1-10ms-1h-2025-03-06-17-00-00.txt,seattle,active,50,1741283400,2025-03-06 17:50:00,27.105559481743228,29.395587506197323,0.3720945080128424,-0.015145476285372661
55,persistence,30.33496846531184,29.395587506197323,inside-out/active/seattle/2025-03-06/ping-sttlwax1-2605:59c8:900:facf::1-10ms-1h-2025-03-06-17-00-00.txt,seattle,active,51,1741283460,2025-03-06 17:51:00,29.395587506197323,30.33496846531184,0.40230868584139773,0.029432993824685116
56,persistence,30.373813459268003,30.33496846531184,inside-out/active/seattle/2025-03-06/ping-sttlwax1-2605:59c8:900:facf::1-10ms-1h-2025-03-06-17-00-00.txt,seattle,active,52,1741283520,2025-03-06 17:52:00,30.33496846531184,30.373813459268003,0.3684651223698003,-0.022531847133757887
57,persistence,29.887796454064013,30.373813459268003,inside-out/active/seattle/2025-03-06/ping-sttlwax1-2605:59c8:900:facf::1-10ms-1h-2025-03-06-17-00-00.txt,seattle,active,53,1741283580,2025-03-06 17:53:00,30.373813459268003,29.887796454064013,0.34324328236186646,-0.01235059760956192
58,persistence,29.045368171021376,29.887796454064013,inside-out/active/seattle/2025-03-06/ping-sttlwax1-2605:59c8:900:facf::1-10ms-1h-2025-03-06-17-00-00.txt,seattle,active,54,1741283640,2025-03-06 17:54:00,29.887796454064013,29.045368171021376,0.3328810504475434,-0.013220312621510244
59,persistence,28.10347123157394,29.045368171021376,inside-out/active/seattle/2025-03-06/ping-sttlwax1-2605:59c8:900:facf::1-10ms-1h-2025-03-06-17-00-00.txt,seattle,active,55,1741283700,2025-03-06 17:55:00,29.045368171021376,28.10347123157394,0.3368753324098788,0.012355333124804524
60,persistence,28.3486216730038,28.10347123157394,inside-out/active/seattle/2025-03-06/ping-sttlwax1-2605:59c8:900:facf::1-10ms-1h-2025-03-06-17-00-00.txt,seattle,active,56,1741283760,2025-03-06 17:56:00,28.10347123157394,28.3486216730038,0.3368318424847339,0.011051022807430089
61,persistence,26.200651139494116,28.3486216730038,inside-out/active/seattle/2025-03-06/ping-sttlwax1-2605:59c8:900:facf::1-10ms-1h-2025-03-06-17-00-00.txt,seattle,active,57,1741283820,2025-03-06 17:57:00,28.3486216730038,26.200651139494116,0.3372881494258859,0.0
62,persistence,27.312548929311536,26.200651139494116,inside-out/active/seattle/2025-03-06/ping-sttlwax1-2605:59c8:900:facf::1-10ms-1h-2025-03-06-17-00-00.txt,seattle,active,58,1741283880,2025-03-06 17:58:00,26.200651139494116,27.312548929311536,0.34272104517408614,0.03449665511404865
63,persistence,28.38119390523899,29.97415898864367,inside-out/active/slc/2025-03-04/ping-sltyutx1-2605:59c0:3000:543a::1-10ms-1h-2025-03-04-15-00-00.txt,slc,active,50,1741103400,2025-03-04 15:50:00,29.97415898864367,28.38119390523899,0.3357220777925467,-0.00028577552332631484
64,persistence,29.659889130865174,28.38119390523899,inside-out/active/slc/2025-03-04/ping-sltyutx1-2605:59c0:3000:543a::1-10ms-1h-2025-03-04-15-00-00.txt,slc,active,51,1741103460,2025-03-04 15:51:00,28.38119390523899,29.659889130865174,0.3326068176343231,-0.020882164926486313
65,persistence,25.441046139789854,29.659889130865174,inside-out/active/slc/2025-03-04/ping-sltyutx1-2605:59c0:3000:543a::1-10ms-1h-2025-03-04-15-00-00.txt,slc,active,52,1741103520,2025-03-04 15:52:00,29.659889130865174,25.441046139789854,0.3465721006641386,-0.0443862430215729
66,persistence,36.824260834345885,25.441046139789854,inside-out/active/slc/2025-03-04/ping-sltyutx1-2605:59c0:3000:543a::1-10ms-1h-2025-03-04-15-00-00.txt,slc,active,53,1741103580,2025-03-04 15:53:00,25.441046139789854,36.824260834345885,0.3561183657499913,0.07637130801687764
67,persistence,28.40217971530249,36.824260834345885,inside-out/active/slc/2025-03-04/ping-sltyutx1-2605:59c0:3000:543a::1-10ms-1h-2025-03-04-15-00-00.txt,slc,active,54,1741103640,2025-03-04 15:54:00,36.824260834345885,28.40217971530249,0.4631921940487298,-0.031112967216538
68,persistence,31.84558505408063,28.40217971530249,inside-out/active/slc/2025-03-04/ping-sltyutx1-2605:59c0:3000:543a::1-10ms-1h-2025-03-04-15-00-00.txt,slc,active,55,1741103700,2025-03-04 15:55:00,28.40217971530249,31.84558505408063,0.3862137115082027,0.023457862728062606
69,persistence,26.574046490634167,31.84558505408063,inside-out/active/slc/2025-03-04/ping-sltyutx1-2605:59c0:3000:543a::1-10ms-1h-2025-03-04-15-00-00.txt,slc,active,56,1741103760,2025-03-04 15:56:00,31.84558505408063,26.574046490634167,0.37168157705198257,-0.05069219643226108
70,persistence,38.57746012015745,26.574046490634167,inside-out/active/slc/2025-03-04/ping-sltyutx1-2605:59c0:3000:543a::1-10ms-1h-2025-03-04-15-00-00.txt,slc,active,57,1741103820,2025-03-04 15:57:00,26.574046490634167,38.57746012015745,0.3540098570328915,0.051313160148444226
71,persistence,33.62115628970775,38.57746012015745,inside-out/active/slc/2025-03-04/ping-sltyutx1-2605:59c0:3000:543a::1-10ms-1h-2025-03-04-15-00-00.txt,slc,active,58,1741103880,2025-03-04 15:58:00,38.57746012015745,33.62115628970775,0.4597452701249895,-0.009621418113365365
72,persistence,47.807699805068225,44.16263301163078,inside-out/active/ulukhaktok/2025-03-16/ping-sttlwax1-2605:59c8:600:e773::1-10ms-2h-2025-03-16-12-00-00.txt,ulukhaktok,active,101,1742132460,2025-03-16 13:41:00,44.16263301163078,47.807699805068225,0.35073801196435467,0.012865401840240986
73,persistence,43.33035672100166,47.807699805068225,inside-out/active/ulukhaktok/2025-03-16/ping-sttlwax1-2605:59c8:600:e773::1-10ms-2h-2025-03-16-12-00-00.txt,ulukhaktok,active,102,1742132520,2025-03-16 13:42:00,47.807699805068225,43.33035672100166,0.3601622709223839,-0.0005688744412839508
74,persistence,51.98465621230398,43.33035672100166,inside-out/active/ulukhaktok/2025-03-16/ping-sttlwax1-2605:59c8:600:e773::1-10ms-2h-2025-03-16-12-00-00.txt,ulukhaktok,active,103,1742132580,2025-03-16 13:43:00,43.33035672100166,51.98465621230398,0.3378529401366223,-0.025933107125545307
75,persistence,50.89078979945531,51.98465621230398,inside-out/active/ulukhaktok/2025-03-16/ping-sttlwax1-2605:59c8:600:e773::1-10ms-2h-2025-03-16-12-00-00.txt,ulukhaktok,active,104,1742132640,2025-03-16 13:44:00,51.98465621230398,50.89078979945531,0.39471243098736836,0.0037654222079795963
76,persistence,49.52559171597633,50.89078979945531,inside-out/active/ulukhaktok/2025-03-16/ping-sttlwax1-2605:59c8:600:e773::1-10ms-2h-2025-03-16-12-00-00.txt,ulukhaktok,active,105,1742132700,2025-03-16 13:45:00,50.89078979945531,49.52559171597633,0.38836276589505486,0.02416042522348394
77,persistence,62.62781954887218,49.52559171597633,inside-out/active/ulukhaktok/2025-03-16/ping-sttlwax1-2605:59c8:600:e773::1-10ms-2h-2025-03-16-12-00-00.txt,ulukhaktok,active,106,1742132760,2025-03-16 13:46:00,49.52559171597633,62.62781954887218,0.3350137416668608,0.00588235294117645
78,persistence,42.11609336609337,62.62781954887218,inside-out/active/ulukhaktok/2025-03-16/ping-sttlwax1-2605:59c8:600:e773::1-10ms-2h-2025-03-16-12-00-00.txt,ulukhaktok,active,107,1742132820,2025-03-16 13:47:00,62.62781954887218,42.11609336609337,0.431465114674642,0.009515928837401821
79,persistence,49.01977267345489,42.11609336609337,inside-out/active/ulukhaktok/2025-03-16/ping-sttlwax1-2605:59c8:600:e773::1-10ms-2h-2025-03-16-12-00-00.txt,ulukhaktok,active,108,1742132880,2025-03-16 13:48:00,42.11609336609337,49.01977267345489,0.3403315729799232,-0.007758336084516371
80,persistence,68.49971516733919,49.01977267345489,inside-out/active/ulukhaktok/2025-03-16/ping-sttlwax1-2605:59c8:600:e773::1-10ms-2h-2025-03-16-12-00-00.txt,ulukhaktok,active,109,1742132940,2025-03-16 13:49:00,49.01977267345489,68.49971516733919,0.3866755097580868,-0.031425547504681184
81,persistence,47.50150730098917,68.49971516733919,inside-out/active/ulukhaktok/2025-03-16/ping-sttlwax1-2605:59c8:600:e773::1-10ms-2h-2025-03-16-12-00-00.txt,ulukhaktok,active,110,1742133000,2025-03-16 13:50:00,68.49971516733919,47.50150730098917,0.5148098471821448,-0.010634895250279719
82,persistence,41.26314601103864,47.50150730098917,inside-out/active/ulukhaktok/2025-03-16/ping-sttlwax1-2605:59c8:600:e773::1-10ms-2h-2025-03-16-12-00-00.txt,ulukhaktok,active,111,1742133060,2025-03-16 13:51:00,47.50150730098917,41.26314601103864,0.35880995495774876,-0.004415707301687499
83,persistence,43.51293330145828,41.26314601103864,inside-out/active/ulukhaktok/2025-03-16/ping-sttlwax1-2605:59c8:600:e773::1-10ms-2h-2025-03-16-12-00-00.txt,ulukhaktok,active,112,1742133120,2025-03-16 13:52:00,41.26314601103864,43.51293330145828,0.3661591217366305,0.03913218159903564
84,persistence,59.008460276540895,43.51293330145828,inside-out/active/ulukhaktok/2025-03-16/ping-sttlwax1-2605:59c8:600:e773::1-10ms-2h-2025-03-16-12-00-00.txt,ulukhaktok,active,113,1742133180,2025-03-16 13:53:00,43.51293330145828,59.008460276540895,0.3528356083638613,-0.01079339508658883
85,persistence,66.24218190498925,59.008460276540895,inside-out/active/ulukhaktok/2025-03-16/ping-sttlwax1-2605:59c8:600:e773::1-10ms-2h-2025-03-16-12-00-00.txt,ulukhaktok,active,114,1742133240,2025-03-16 13:54:00,59.008460276540895,66.24218190498925,0.47758941354202983,-0.029350273399807003
86,persistence,44.755442978322336,66.24218190498925,inside-out/active/ulukhaktok/2025-03-16/ping-sttlwax1-2605:59c8:600:e773::1-10ms-2h-2025-03-16-12-00-00.txt,ulukhaktok,active,115,1742133300,2025-03-16 13:55:00,66.24218190498925,44.755442978322336,0.4632209743918107,0.00569665321623547
87,persistence,52.01917613636363,44.755442978322336,inside-out/active/ulukhaktok/2025-03-16/ping-sttlwax1-2605:59c8:600:e773::1-10ms-2h-2025-03-16-12-00-00.txt,ulukhaktok,active,116,1742133360,2025-03-16 13:56:00,44.755442978322336,52.01917613636363,0.32756610671264313,-0.0025196850393700565
88,persistence,70.2288035450517,52.01917613636363,inside-out/active/ulukhaktok/2025-03-16/ping-sttlwax1-2605:59c8:600:e773::1-10ms-2h-2025-03-16-12-00-00.txt,ulukhaktok,active,117,1742133420,2025-03-16 13:57:00,52.01917613636363,70.2288035450517,0.3861489492067471,-0.0011851149561508123
89,persistence,57.69249938317296,70.2288035450517,inside-out/active/ulukhaktok/2025-03-16/ping-sttlwax1-2605:59c8:600:e773::1-10ms-2h-2025-03-16-12-00-00.txt,ulukhaktok,active,118,1742133480,2025-03-16 13:58:00,70.2288035450517,57.69249938317296,0.5082524318181182,0.027454110135674448
90,persistence,51.215766423357664,40.09441024378232,inside-out/active/ulukhaktok/2025-03-28/ping-sttlwax1-2605:59c8:600:e773::1-10ms-2h-2025-03-28-12-00-00.txt,ulukhaktok,active,101,1743169260,2025-03-28 13:41:00,40.09441024378232,51.215766423357664,0.3335041887985934,0.014240634355530468
91,persistence,54.13256547041707,51.215766423357664,inside-out/active/ulukhaktok/2025-03-28/ping-sttlwax1-2605:59c8:600:e773::1-10ms-2h-2025-03-28-12-00-00.txt,ulukhaktok,active,102,1743169320,2025-03-28 13:42:00,51.215766423357664,54.13256547041707,0.40791885827138535,-0.0007304601899196239
92,persistence,46.421944713870026,54.13256547041707,inside-out/active/ulukhaktok/2025-03-28/ping-sttlwax1-2605:59c8:600:e773::1-10ms-2h-2025-03-28-12-00-00.txt,ulukhaktok,active,103,1743169380,2025-03-28 13:43:00,54.13256547041707,46.421944713870026,0.42312505029132913,-0.0062627084180562065
93,persistence,49.86113977485929,46.421944713870026,inside-out/active/ulukhaktok/2025-03-28/ping-sttlwax1-2605:59c8:600:e773::1-10ms-2h-2025-03-28-12-00-00.txt,ulukhaktok,active,104,1743169440,2025-03-28 13:44:00,46.421944713870026,49.86113977485929,0.3315217413709997,-0.0011328693963426062
94,persistence,54.36197315752296,49.86113977485929,inside-out/active/ulukhaktok/2025-03-28/ping-sttlwax1-2605:59c8:600:e773::1-10ms-2h-2025-03-28-12-00-00.txt,ulukhaktok,active,105,1743169500,2025-03-28 13:45:00,49.86113977485929,54.36197315752296,0.35716980477703464,-0.02237851662404089
95,persistence,41.86068274051086,54.36197315752296,inside-out/active/ulukhaktok/2025-03-28/ping-sttlwax1-2605:59c8:600:e773::1-10ms-2h-2025-03-28-12-00-00.txt,ulukhaktok,active,106,1743169560,2025-03-28 13:46:00,54.36197315752296,41.86068274051086,0.38729314967506623,-0.008389394538979023
96,persistence,41.343274021352315,41.86068274051086,inside-out/active/ulukhaktok/2025-03-28/ping-sttlwax1-2605:59c8:600:e773::1-10ms-2h-2025-03-28-12-00-00.txt,ulukhaktok,active,107,1743169620,2025-03-28 13:47:00,41.86068274051086,41.343274021352315,0.33338669357639183,0.010472440944881867
97,persistence,55.00292682926829,41.343274021352315,inside-out/active/ulukhaktok/2025-03-28/ping-sttlwax1-2605:59c8:600:e773::1-10ms-2h-2025-03-28-12-00-00.txt,ulukhaktok,active,108,1743169680,2025-03-28 13:48:00,41.343274021352315,55.00292682926829,0.35427775851193477,0.000474270808631716
98,persistence,43.581672100605495,55.00292682926829,inside-out/active/ulukhaktok/2025-03-28/ping-sttlwax1-2605:59c8:600:e773::1-10ms-2h-2025-03-28-12-00-00.txt,ulukhaktok,active,109,1743169740,2025-03-28 13:49:00,55.00292682926829,43.581672100605495,0.4594264428982016,0.016314779270633406
99,persistence,45.97213965557915,43.581672100605495,inside-out/active/ulukhaktok/2025-03-28/ping-sttlwax1-2605:59c8:600:e773::1-10ms-2h-2025-03-28-12-00-00.txt,ulukhaktok,active,110,1743169800,2025-03-28 13:50:00,43.581672100605495,45.97213965557915,0.3638152849095672,-0.02165120152272193
100,persistence,52.499707531074826,45.97213965557915,inside-out/active/ulukhaktok/2025-03-28/ping-sttlwax1-2605:59c8:600:e773::1-10ms-2h-2025-03-28-12-00-00.txt,ulukhaktok,active,111,1743169860,2025-03-28 13:51:00,45.97213965557915,52.499707531074826,0.3596920196160345,-0.006649251959154556
101,persistence,47.40269579363235,52.499707531074826,inside-out/active/ulukhaktok/2025-03-28/ping-sttlwax1-2605:59c8:600:e773::1-10ms-2h-2025-03-28-12-00-00.txt,ulukhaktok,active,112,1743169920,2025-03-28 13:52:00,52.499707531074826,47.40269579363235,0.4106991838229524,0.02587844254510918
102,persistence,58.19203992210321,47.40269579363235,inside-out/active/ulukhaktok/2025-03-28/ping-sttlwax1-2605:59c8:600:e773::1-10ms-2h-2025-03-28-12-00-00.txt,ulukhaktok,active,113,1743169980,2025-03-28 13:53:00,47.40269579363235,58.19203992210321,0.3484762068811049,-0.020877817319098435
103,persistence,47.77913669064748,58.19203992210321,inside-out/active/ulukhaktok/2025-03-28/ping-sttlwax1-2605:59c8:600:e773::1-10ms-2h-2025-03-28-12-00-00.txt,ulukhaktok,active,114,1743170040,2025-03-28 13:54:00,58.19203992210321,47.77913669064748,0.4072854365166714,0.015182995045548875
104,persistence,60.57354884379424,47.77913669064748,inside-out/active/ulukhaktok/2025-03-28/ping-sttlwax1-2605:59c8:600:e773::1-10ms-2h-2025-03-28-12-00-00.txt,ulukhaktok,active,115,1743170100,2025-03-28 13:55:00,47.77913669064748,60.57354884379424,0.3514457245122789,-0.016273584905660332
105,persistence,50.2937984496124,60.57354884379424,inside-out/active/ulukhaktok/2025-03-28/ping-sttlwax1-2605:59c8:600:e773::1-10ms-2h-2025-03-28-12-00-00.txt,ulukhaktok,active,116,1743170160,2025-03-28 13:56:00,60.57354884379424,50.2937984496124,0.40456354130696354,-0.004662188858158833
106,persistence,42.33,50.2937984496124,inside-out/active/ulukhaktok/2025-03-28/ping-sttlwax1-2605:59c8:600:e773::1-10ms-2h-2025-03-28-12-00-00.txt,ulukhaktok,active,117,1743170220,2025-03-28 13:57:00,50.2937984496124,42.33,0.3606046452383991,0.002577319587628857
107,persistence,50.53891943581162,42.33,inside-out/active/ulukhaktok/2025-03-28/ping-sttlwax1-2605:59c8:600:e773::1-10ms-2h-2025-03-28-12-00-00.txt,ulukhaktok,active,118,1743170280,2025-03-28 13:58:00,42.33,50.53891943581162,0.3519494066022317,0.04781036560867813
108,persistence,48.482162505289885,29.164689150751727,inside-out/active/victoria/2025-03-26/ping-sttlwax1-2605:59c8:200:4bde::1-10ms-1h-2025-03-26-03-00-00.txt,victoria,active,50,1742961000,2025-03-26 03:50:00,29.164689150751727,48.482162505289885,0.3332555604089388,-0.009433962264151052
109,persistence,34.410167102879,48.482162505289885,inside-out/active/victoria/2025-03-26/ping-sttlwax1-2605:59c8:200:4bde::1-10ms-1h-2025-03-26-03-00-00.txt,victoria,active,51,1742961060,2025-03-26 03:51:00,48.482162505289885,34.410167102879,0.524435539369261,0.015211502396332621
110,persistence,54.26663977410246,34.410167102879,inside-out/active/victoria/2025-03-26/ping-sttlwax1-2605:59c8:200:4bde::1-10ms-1h-2025-03-26-03-00-00.txt,victoria,active,52,1742961120,2025-03-26 03:52:00,34.410167102879,54.26663977410246,0.39622092081060206,-0.019568936024632055
111,persistence,31.6692652712516,54.26663977410246,inside-out/active/victoria/2025-03-26/ping-sttlwax1-2605:59c8:200:4bde::1-10ms-1h-2025-03-26-03-00-00.txt,victoria,active,53,1742961180,2025-03-26 03:53:00,54.26663977410246,31.6692652712516,0.4701045570961427,-0.015220804040679825
112,persistence,27.7909751924722,31.6692652712516,inside-out/active/victoria/2025-03-26/ping-sttlwax1-2605:59c8:200:4bde::1-10ms-1h-2025-03-26-03-00-00.txt,victoria,active,54,1742961240,2025-03-26 03:54:00,31.6692652712516,27.7909751924722,0.37842284043962743,0.0384062435818443
113,persistence,34.98300042498938,27.7909751924722,inside-out/active/victoria/2025-03-26/ping-sttlwax1-2605:59c8:200:4bde::1-10ms-1h-2025-03-26-03-00-00.txt,victoria,active,55,1742961300,2025-03-26 03:55:00,27.7909751924722,34.98300042498938,0.3767963540782626,0.02011735121542335
114,persistence,34.001104135094174,34.98300042498938,inside-out/active/victoria/2025-03-26/ping-sttlwax1-2605:59c8:200:4bde::1-10ms-1h-2025-03-26-03-00-00.txt,victoria,active,56,1742961360,2025-03-26 03:56:00,34.98300042498938,34.001104135094174,0.40852795593738894,-0.0038395904436860917
115,persistence,34.9590027700831,34.001104135094174,inside-out/active/victoria/2025-03-26/ping-sttlwax1-2605:59c8:200:4bde::1-10ms-1h-2025-03-26-03-00-00.txt,victoria,active,57,1742961420,2025-03-26 03:57:00,34.001104135094174,34.9590027700831,0.3950683896170036,0.010284979644311076
116,persistence,34.16896630758652,34.9590027700831,inside-out/active/victoria/2025-03-26/ping-sttlwax1-2605:59c8:200:4bde::1-10ms-1h-2025-03-26-03-00-00.txt,victoria,active,58,1742961480,2025-03-26 03:58:00,34.9590027700831,34.16896630758652,0.34171676007910734,-0.004351548009701833
117,persistence,24.821327414922848,27.12456361724501,inside-out/active/victoria_hp1_proto2/2025-03-29/ping-sttlwax1-2605:59c8:200:685b::1-10ms-1h-2025-03-29-03-00-00.txt,victoria_hp1_proto2,active,50,1743220200,2025-03-29 03:50:00,27.12456361724501,24.821327414922848,0.3808147606508841,-0.00415317471490928
118,persistence,33.07646937936703,24.821327414922848,inside-out/active/victoria_hp1_proto2/2025-03-29/ping-sttlwax1-2605:59c8:200:685b::1-10ms-1h-2025-03-29-03-00-00.txt,victoria_hp1_proto2,active,51,1743220260,2025-03-29 03:51:00,24.821327414922848,33.07646937936703,0.34750695161767614,-0.0053123671908201775
119,persistence,24.503920280332895,33.07646937936703,inside-out/active/victoria_hp1_proto2/2025-03-29/ping-sttlwax1-2605:59c8:200:685b::1-10ms-1h-2025-03-29-03-00-00.txt,victoria_hp1_proto2,active,52,1743220320,2025-03-29 03:52:00,33.07646937936703,24.503920280332895,0.43913518430773585,-0.017140468227424766
120,persistence,25.097710583153347,24.503920280332895,inside-out/active/victoria_hp1_proto2/2025-03-29/ping-sttlwax1-2605:59c8:200:685b::1-10ms-1h-2025-03-29-03-00-00.txt,victoria_hp1_proto2,active,53,1743220380,2025-03-29 03:53:00,24.503920280332895,25.097710583153347,0.3672988164206165,0.032832027112899786
121,persistence,34.91133387888707,25.097710583153347,inside-out/active/victoria_hp1_proto2/2025-03-29/ping-sttlwax1-2605:59c8:200:685b::1-10ms-1h-2025-03-29-03-00-00.txt,victoria_hp1_proto2,active,54,1743220440,2025-03-29 03:54:00,25.097710583153347,34.91133387888707,0.3655377981284289,0.012231546010524785
122,persistence,28.27106630638121,34.91133387888707,inside-out/active/victoria_hp1_proto2/2025-03-29/ping-sttlwax1-2605:59c8:200:685b::1-10ms-1h-2025-03-29-03-00-00.txt,victoria_hp1_proto2,active,55,1743220500,2025-03-29 03:55:00,34.91133387888707,28.27106630638121,0.48224778245328137,-0.04118148253337117
123,persistence,36.45605672641324,28.27106630638121,inside-out/active/victoria_hp1_proto2/2025-03-29/ping-sttlwax1-2605:59c8:200:685b::1-10ms-1h-2025-03-29-03-00-00.txt,victoria_hp1_proto2,active,56,1743220560,2025-03-29 03:56:00,28.27106630638121,36.45605672641324,0.37696942431971586,-0.0072580082350479636
124,persistence,31.790010256410255,36.45605672641324,inside-out/active/victoria_hp1_proto2/2025-03-29/ping-sttlwax1-2605:59c8:200:685b::1-10ms-1h-2025-03-29-03-00-00.txt,victoria_hp1_proto2,active,57,1743220620,2025-03-29 03:57:00,36.45605672641324,31.790010256410255,0.4095293882331424,-0.03079317812669191
125,persistence,33.779506172839504,31.790010256410255,inside-out/active/victoria_hp1_proto2/2025-03-29/ping-sttlwax1-2605:59c8:200:685b::1-10ms-1h-2025-03-29-03-00-00.txt,victoria_hp1_proto2,active,58,1743220680,2025-03-29 03:58:00,31.790010256410255,33.779506172839504,0.3750279025871774,0.00934769355821985
126,persistence,73.92389807162535,88.54443402859151,inside-out/active/zambia/2025-03-29/ping--100.64.0.1-10ms-1h-2025-03-29-13-00-00.txt,zambia,active,51,1743256260,2025-03-29 13:51:00,88.54443402859151,73.92389807162535,0.42606436850475,-0.00787339579560653
127,persistence,81.17642330877428,73.92389807162535,inside-out/active/zambia/2025-03-29/ping--100.64.0.1-10ms-1h-2025-03-29-13-00-00.txt,zambia,active,52,1743256320,2025-03-29 13:52:00,73.92389807162535,81.17642330877428,0.37435296634544807,-0.017598504905777856
128,persistence,74.6619462933211,81.17642330877428,inside-out/active/zambia/2025-03-29/ping--100.64.0.1-10ms-1h-2025-03-29-13-00-00.txt,zambia,active,53,1743256380,2025-03-29 13:53:00,81.17642330877428,74.6619462933211,0.3631794460555547,-0.025568615478553047
129,persistence,56.16163177925785,74.6619462933211,inside-out/active/zambia/2025-03-29/ping--100.64.0.1-10ms-1h-2025-03-29-13-00-00.txt,zambia,active,54,1743256440,2025-03-29 13:54:00,74.6619462933211,56.16163177925785,0.3453818225432331,0.009172225591267402
130,persistence,79.60870066928226,56.16163177925785,inside-out/active/zambia/2025-03-29/ping--100.64.0.1-10ms-1h-2025-03-29-13-00-00.txt,zambia,active,55,1743256500,2025-03-29 13:55:00,56.16163177925785,79.60870066928226,0.3370670620124208,0.032822085889570585
131,persistence,53.437992495309565,79.60870066928226,inside-out/active/zambia/2025-03-29/ping--100.64.0.1-10ms-1h-2025-03-29-13-00-00.txt,zambia,active,56,1743256560,2025-03-29 13:56:00,79.60870066928226,53.437992495309565,0.43704268404008656,-0.008143322475570036
132,persistence,62.597924440298506,53.437992495309565,inside-out/active/zambia/2025-03-29/ping--100.64.0.1-10ms-1h-2025-03-29-13-00-00.txt,zambia,active,57,1743256620,2025-03-29 13:57:00,53.437992495309565,62.597924440298506,0.3587069758308803,0.0007030700726505801
133,persistence,63.551467847157504,62.597924440298506,inside-out/active/zambia/2025-03-29/ping--100.64.0.1-10ms-1h-2025-03-29-13-00-00.txt,zambia,active,58,1743256680,2025-03-29 13:58:00,62.597924440298506,63.551467847157504,0.38837959633368185,0.0016298020954598202
134,persistence,109.25,63.551467847157504,inside-out/active/zambia/2025-03-29/ping--100.64.0.1-10ms-1h-2025-03-29-13-00-00.txt,zambia,active,59,1743256740,2025-03-29 13:59:00,63.551467847157504,109.25,0.3849691997089046,-0.002491435689816246
135,persistence,54.76878764074365,45.32272047832586,inside-out/inactive/dallas/2025-03-08/ping-chcoilx1-fe80::200:5eff:fe00:101-10ms-1h-2025-03-08-15-00-00.txt,dallas,inactive,50,1741449000,2025-03-08 15:50:00,45.32272047832586,54.76878764074365,0.38019366053130693,-0.01224872108941577
136,persistence,30.00885470796092,54.76878764074365,inside-out/inactive/dallas/2025-03-08/ping-chcoilx1-fe80::200:5eff:fe00:101-10ms-1h-2025-03-08-15-00-00.txt,dallas,inactive,51,1741449060,2025-03-08 15:51:00,54.76878764074365,30.00885470796092,0.4888319696667378,0.11061946902654862
137,persistence,49.32494933117146,30.00885470796092,inside-out/inactive/dallas/2025-03-08/ping-chcoilx1-fe80::200:5eff:fe00:101-10ms-1h-2025-03-08-15-00-00.txt,dallas,inactive,52,1741449120,2025-03-08 15:52:00,30.00885470796092,49.32494933117146,0.3267029076272101,-0.08412829565086755
138,persistence,48.1205955899068,49.32494933117146,inside-out/inactive/dallas/2025-03-08/ping-chcoilx1-fe80::200:5eff:fe00:101-10ms-1h-2025-03-08-15-00-00.txt,dallas,inactive,53,1741449180,2025-03-08 15:53:00,49.32494933117146,48.1205955899068,0.4648418003160855,-0.09127101150103223
139,persistence,43.08895949166005,48.1205955899068,inside-out/inactive/dallas/2025-03-08/ping-chcoilx1-fe80::200:5eff:fe00:101-10ms-1h-2025-03-08-15-00-00.txt,dallas,inactive,54,1741449240,2025-03-08 15:54:00,48.1205955899068,43.08895949166005,0.48477246950362973,0.06695418552036203
140,persistence,45.092392412808486,43.08895949166005,inside-out/inactive/dallas/2025-03-08/ping-chcoilx1-fe80::200:5eff:fe00:101-10ms-1h-2025-03-08-15-00-00.txt,dallas,inactive,55,1741449300,2025-03-08 15:55:00,43.08895949166005,45.092392412808486,0.33014607138254504,-0.05143016215463847
141,persistence,54.85048367593712,45.092392412808486,inside-out/inactive/dallas/2025-03-08/ping-chcoilx1-fe80::200:5eff:fe00:101-10ms-1h-2025-03-08-15-00-00.txt,dallas,inactive,56,1741449360,2025-03-08 15:56:00,45.092392412808486,54.85048367593712,0.349412052810497,-0.025875296415120763
142,persistence,62.48030995430161,54.85048367593712,inside-out/inactive/dallas/2025-03-08/ping-chcoilx1-fe80::200:5eff:fe00:101-10ms-1h-2025-03-08-15-00-00.txt,dallas,inactive,57,1741449420,2025-03-08 15:57:00,54.85048367593712,62.48030995430161,0.4278131556135789,0.0010066438494060748
143,persistence,37.4730985306828,62.48030995430161,inside-out/inactive/dallas/2025-03-08/ping-chcoilx1-fe80::200:5eff:fe00:101-10ms-1h-2025-03-08-15-00-00.txt,dallas,inactive,58,1741449480,2025-03-08 15:58:00,62.48030995430161,37.4730985306828,0.43833612406957534,-0.013491743858236038
144,persistence,33.52689611217336,34.126453726453725,inside-out/inactive/denver/2025-03-07/ping-fe80::200:5eff:fe00:101-10ms-1h-2025-03-07-02-00-00.txt,denver,inactive,51,1741315860,2025-03-07 02:51:00,34.126453726453725,33.52689611217336,0.346595580877989,-0.023398756722777136
145,persistence,32.65306348153064,33.52689611217336,inside-out/inactive/denver/2025-03-07/ping-fe80::200:5eff:fe00:101-10ms-1h-2025-03-07-02-00-00.txt,denver,inactive,52,1741315920,2025-03-07 02:52:00,33.52689611217336,32.65306348153064,0.33853040367865644,0.011342155009451793
146,persistence,25.5314998844465,32.65306348153064,inside-out/inactive/denver/2025-03-07/ping-fe80::200:5eff:fe00:101-10ms-1h-2025-03-07-02-00-00.txt,denver,inactive,53,1741315980,2025-03-07 02:53:00,32.65306348153064,25.5314998844465,0.3458875874765166,0.03890306122448983
147,persistence,29.854749721913237,25.5314998844465,inside-out/inactive/denver/2025-03-07/ping-fe80::200:5eff:fe00:101-10ms-1h-2025-03-07-02-00-00.txt,denver,inactive,54,1741316040,2025-03-07 02:54:00,25.5314998844465,29.854749721913237,0.34032547185593326,0.04234599778679449
148,persistence,46.64715704924963,29.854749721913237,inside-out/inactive/denver/2025-03-07/ping-fe80::200:5eff:fe00:101-10ms-1h-2025-03-07-02-00-00.txt,denver,inactive,55,1741316100,2025-03-07 02:55:00,29.854749721913237,46.64715704924963,0.3798602953420993,-0.010642284343850728
149,persistence,29.687505112474437,46.64715704924963,inside-out/inactive/denver/2025-03-07/ping-fe80::200:5eff:fe00:101-10ms-1h-2025-03-07-02-00-00.txt,denver,inactive,56,1741316160,2025-03-07 02:56:00,46.64715704924963,29.687505112474437,0.5664980479736663,-0.047222017265549976
150,persistence,32.21944853715007,29.687505112474437,inside-out/inactive/denver/2025-03-07/ping-fe80::200:5eff:fe00:101-10ms-1h-2025-03-07-02-00-00.txt,denver,inactive,57,1741316220,2025-03-07 02:57:00,29.687505112474437,32.21944853715007,0.37132933971901494,-0.0392462453952962
151,persistence,32.59372693726937,32.21944853715007,inside-out/inactive/denver/2025-03-07/ping-fe80::200:5eff:fe00:101-10ms-1h-2025-03-07-02-00-00.txt,denver,inactive,58,1741316280,2025-03-07 02:58:00,32.21944853715007,32.59372693726937,0.38384379258635404,0.008279988867241905
152,persistence,33.919230769230765,32.59372693726937,inside-out/inactive/denver/2025-03-07/ping-fe80::200:5eff:fe00:101-10ms-1h-2025-03-07-02-00-00.txt,denver,inactive,59,1741316340,2025-03-07 02:59:00,32.59372693726937,33.919230769230765,0.36163448396454445,-0.007920655692540635
153,persistence,29.022873022659255,35.3710623461854,inside-out/inactive/ottawa/2025-03-11/ping-fe80::200:5eff:fe00:101-10ms-1h-2025-03-11-02-00-00.txt,ottawa,inactive,51,1741661460,2025-03-11 02:51:00,35.3710623461854,29.022873022659255,0.3823080510591413,-0.005499037668408091
154,persistence,35.43489422879441,29.022873022659255,inside-out/inactive/ottawa/2025-03-11/ping-fe80::200:5eff:fe00:101-10ms-1h-2025-03-11-02-00-00.txt,ottawa,inactive,52,1741661520,2025-03-11 02:52:00,29.022873022659255,35.43489422879441,0.33668252292729334,0.02168002788428025
155,persistence,35.50029523407845,35.43489422879441,inside-out/inactive/ottawa/2025-03-11/ping-fe80::200:5eff:fe00:101-10ms-1h-2025-03-11-02-00-00.txt,ottawa,inactive,53,1741661580,2025-03-11 02:53:00,35.43489422879441,35.50029523407845,0.3918566224089404,-0.012757401372807342
156,persistence,35.8703422053232,35.50029523407845,inside-out/inactive/ottawa/2025-03-11/ping-fe80::200:5eff:fe00:101-10ms-1h-2025-03-11-02-00-00.txt,ottawa,inactive,54,1741661640,2025-03-11 02:54:00,35.50029523407845,35.8703422053232,0.39384722275028256,0.004408985933235354
157,persistence,37.53561093247588,35.8703422053232,inside-out/inactive/ottawa/2025-03-11/ping-fe80::200:5eff:fe00:101-10ms-1h-2025-03-11-02-00-00.txt,ottawa,inactive,55,1741661700,2025-03-11 02:55:00,35.8703422053232,37.53561093247588,0.33804575572600565,-0.026218510405257467
158,persistence,31.99962353873588,37.53561093247588,inside-out/inactive/ottawa/2025-03-11/ping-fe80::200:5eff:fe00:101-10ms-1h-2025-03-11-02-00-00.txt,ottawa,inactive,56,1741661760,2025-03-11 02:56:00,37.53561093247588,31.99962353873588,0.3546149355826522,-0.014475025484199877
159,persistence,35.43240890688259,31.99962353873588,inside-out/inactive/ottawa/2025-03-11/ping-fe80::200:5eff:fe00:101-10ms-1h-2025-03-11-02-00-00.txt,ottawa,inactive,57,1741661820,2025-03-11 02:57:00,31.99962353873588,35.43240890688259,0.3305317687934006,-0.00805592543275635
160,persistence,35.705668103448275,35.43240890688259,inside-out/inactive/ottawa/2025-03-11/ping-fe80::200:5eff:fe00:101-10ms-1h-2025-03-11-02-00-00.txt,ottawa,inactive,58,1741661880,2025-03-11 02:58:00,35.43240890688259,35.705668103448275,0.36736344593958453,0.009556907037358897
161,persistence,46.8,35.705668103448275,inside-out/inactive/ottawa/2025-03-11/ping-fe80::200:5eff:fe00:101-10ms-1h-2025-03-11-02-00-00.txt,ottawa,inactive,59,1741661940,2025-03-11 02:59:00,35.705668103448275,46.8,0.3823308488002953,0.048335270390374
0,linear_regression,38.223700092850514,35.06597931207216,inside-out/active/brisbane/2025-03-20/ping-sydyaus1-2406:2d40:4600:8118::1-10ms-1h-2025-03-20-20-00-00.txt,brisbane,active,51,1742503860,2025-03-20 20:51:00,29.969971484974774,38.223700092850514,0.3226307580548009,-0.0584274880049529
1,linear_regression,34.94806936416185,38.95027783620753,inside-out/active/brisbane/2025-03-20/ping-sydyaus1-2406:2d40:4600:8118::1-10ms-1h-2025-03-20-20-00-00.txt,brisbane,active,52,1742503920,2025-03-20 20:52:00,38.223700092850514,34.94806936416185,0.40985199987805615,0.015389303672101118
2,linear_regression,34.46817436137802,38.542561756381474,inside-out/active/brisbane/2025-03-20/ping-sydyaus1-2406:2d40:4600:8118::1-10ms-1h-2025-03-20-20-00-00.txt,brisbane,active,53,1742503980,2025-03-20 20:53:00,34.94806936416185,34.46817436137802,0.384612790335829,0.016449363250454763
3,linear_regression,35.82728548047697,35.58825919738592,inside-out/active/brisbane/2025-03-20/ping-sydyaus1-2406:2d40:4600:8118::1-10ms-1h-2025-03-20-20-00-00.txt,brisbane,active,54,1742504040,2025-03-20 20:54:00,34.46817436137802,35.82728548047697,0.3417633345245585,0.007674418604651123
4,linear_regression,33.74127810650887,37.36046293276013,inside-out/active/brisbane/2025-03-20/ping-sydyaus1-2406:2d40:4600:8118::1-10ms-1h-2025-03-20-20-00-00.txt,brisbane,active,55,1742504100,2025-03-20 20:55:00,35.82728548047697,33.74127810650887,0.34795619143604456,0.002952832387908999
5,linear_regression,39.04531400966184,36.76389098690561,inside-out/active/brisbane/2025-03-20/ping-sydyaus1-2406:2d40:4600:8118::1-10ms-1h-2025-03-20-20-00-00.txt,brisbane,active,56,1742504160,2025-03-20 20:56:00,33.74127810650887,39.04531400966184,0.3369523206770058,0.007361578823713577
6,linear_regression,37.20909303960628,38.477278664155165,inside-out/active/brisbane/2025-03-20/ping-sydyaus1-2406:2d40:4600:8118::1-10ms-1h-2025-03-20-20-00-00.txt,brisbane,active,57,1742504220,2025-03-20 20:57:00,39.04531400966184,37.20909303960628,0.3899424496528146,0.017560512577123877
7,linear_regression,42.084791615890815,36.201787118312495,inside-out/active/brisbane/2025-03-20/ping-sydyaus1-2406:2d40:4600:8118::1-10ms-1h-2025-03-20-20-00-00.txt,brisbane,active,58,1742504280,2025-03-20 20:58:00,37.20909303960628,42.084791615890815,0.3627652418791989,-0.013378720709309677
8,linear_regression,39.516666666666666,38.007411645121465,inside-out/active/brisbane/2025-03-20/ping-sydyaus1-2406:2d40:4600:8118::1-10ms-1h-2025-03-20-20-00-00.txt,brisbane,active,59,1742504340,2025-03-20 20:59:00,42.084791615890815,39.516666666666666,0.38179279375390224,0.016067146282973566
9,linear_regression,29.142605061527743,33.67145608224382,inside-out/active/bruhl/2025-03-27/ping-frntdeu1-2a0d:3341:b100:1e99::1-10ms-1h-2025-03-27-03-00-00.txt,bruhl,active,51,1743047460,2025-03-27 03:51:00,35.31885401806942,29.142605061527743,0.3993782123995333,0.012907768129547081
10,linear_regression,29.473612764944033,29.94011343694001,inside-out/active/bruhl/2025-03-27/ping-frntdeu1-2a0d:3341:b100:1e99::1-10ms-1h-2025-03-27-03-00-00.txt,bruhl,active,52,1743047520,2025-03-27 03:52:00,29.142605061527743,29.473612764944033,0.33931863086046293,-0.011903829587281756
11,linear_regression,29.340230696798493,31.03880167062016,inside-out/active/bruhl/2025-03-27/ping-frntdeu1-2a0d:3341:b100:1e99::1-10ms-1h-2025-03-27-03-00-00.txt,bruhl,active,53,1743047580,2025-03-27 03:53:00,29.473612764944033,29.340230696798493,0.35376697052375555,0.009046570169918167
12,linear_regression,30.994528802120993,30.972135331445315,inside-out/active/bruhl/2025-03-27/ping-frntdeu1-2a0d:3341:b100:1e99::1-10ms-1h-2025-03-27-03-00-00.txt,bruhl,active,54,1743047640,2025-03-27 03:54:00,29.340230696798493,30.994528802120993,0.3357315898872652,0.0007840677434529653
13,linear_regression,32.3929329474192,31.50989651567943,inside-out/active/bruhl/2025-03-27/ping-frntdeu1-2a0d:3341:b100:1e99::1-10ms-1h-2025-03-27-03-00-00.txt,bruhl,active,55,1743047700,2025-03-27 03:55:00,30.994528802120993,32.3929329474192,0.35929474389570865,0.011829152111781593
14,linear_regression,29.37820250284414,31.895551884605084,inside-out/active/bruhl/2025-03-27/ping-frntdeu1-2a0d:3341:b100:1e99::1-10ms-1h-2025-03-27-03-00-00.txt,bruhl,active,56,1743047760,2025-03-27 03:56:00,32.3929329474192,29.37820250284414,0.368604212047347,0.008371203061468546
15,linear_regression,33.45215219976219,29.820338982921385,inside-out/active/bruhl/2025-03-27/ping-frntdeu1-2a0d:3341:b100:1e99::1-10ms-1h-2025-03-27-03-00-00.txt,bruhl,active,57,1743047820,2025-03-27 03:57:00,29.37820250284414,33.45215219976219,0.33295595008949747,-0.03900709219858145
16,linear_regression,31.3026859995246,31.762130399263697,inside-out/active/bruhl/2025-03-27/ping-frntdeu1-2a0d:3341:b100:1e99::1-10ms-1h-2025-03-27-03-00-00.txt,bruhl,active,58,1743047880,2025-03-27 03:58:00,33.45215219976219,31.3026859995246,0.3769259465696395,0.010277734191118881
17,linear_regression,33.2,32.079546034634404,inside-out/active/bruhl/2025-03-27/ping-frntdeu1-2a0d:3341:b100:1e99::1-10ms-1h-2025-03-27-03-00-00.txt,bruhl,active,59,1743047940,2025-03-27 03:59:00,31.3026859995246,33.2,0.35902806726966013,0.014523307566174704
18,linear_regression,24.717385592292533,29.08276023014332,inside-out/active/kanazawa/2025-03-13/ping-2406:2d40:3000:b724::1-10ms-1h-2025-03-13-20-00-00.txt,kanazawa,active,51,1741899060,2025-03-13 20:51:00,28.32173029139372,24.717385592292533,0.40641485947180506,-0.02929551267147179
19,linear_regression,26.85906612941455,25.91276103106793,inside-out/active/kanazawa/2025-03-13/ping-2406:2d40:3000:b724::1-10ms-1h-2025-03-13-20-00-00.txt,kanazawa,active,52,1741899120,2025-03-13 20:52:00,24.717385592292533,26.85906612941455,0.3714531436862363,-0.038820228978694526
20,linear_regression,28.234090359990336,29.224019302651868,inside-out/active/kanazawa/2025-03-13/ping-2406:2d40:3000:b724::1-10ms-1h-2025-03-13-20-00-00.txt,kanazawa,active,53,1741899180,2025-03-13 20:53:00,26.85906612941455,28.234090359990336,0.37288165162942927,0.042079769923560106
21,linear_regression,28.099727891156466,29.538251405349,inside-out/active/kanazawa/2025-03-13/ping-2406:2d40:3000:b724::1-10ms-1h-2025-03-13-20-00-00.txt,kanazawa,active,54,1741899240,2025-03-13 20:54:00,28.234090359990336,28.099727891156466,0.3890705529870873,0.03930367504835586
22,linear_regression,26.71778708397619,28.05116537579306,inside-out/active/kanazawa/2025-03-13/ping-2406:2d40:3000:b724::1-10ms-1h-2025-03-13-20-00-00.txt,kanazawa,active,55,1741899300,2025-03-13 20:55:00,28.099727891156466,26.71778708397619,0.3468781536144661,-0.03618421052631571
23,linear_regression,25.23971631205674,26.62774335055292,inside-out/active/kanazawa/2025-03-13/ping-2406:2d40:3000:b724::1-10ms-1h-2025-03-13-20-00-00.txt,kanazawa,active,56,1741899360,2025-03-13 20:56:00,26.71778708397619,25.23971631205674,0.3318073250047526,-0.040119211370930774
24,linear_regression,27.224847632442568,27.38541729382996,inside-out/active/kanazawa/2025-03-13/ping-2406:2d40:3000:b724::1-10ms-1h-2025-03-13-20-00-00.txt,kanazawa,active,57,1741899420,2025-03-13 20:57:00,25.23971631205674,27.224847632442568,0.3382674692802259,0.015392701606847803
25,linear_regression,27.445364937808023,28.88810798000486,inside-out/active/kanazawa/2025-03-13/ping-2406:2d40:3000:b724::1-10ms-1h-2025-03-13-20-00-00.txt,kanazawa,active,58,1741899480,2025-03-13 20:58:00,27.224847632442568,27.445364937808023,0.36636384356608936,0.028541065735539606
26,linear_regression,23.836363636363636,28.94559179074713,inside-out/active/kanazawa/2025-03-13/ping-2406:2d40:3000:b724::1-10ms-1h-2025-03-13-20-00-00.txt,kanazawa,active,59,1741899540,2025-03-13 20:59:00,27.445364937808023,23.836363636363636,0.3616277559282192,0.008916111024965034
27,linear_regression,27.417329939842663,27.3304409618504,inside-out/active/lincoln/2025-03-04/ping-dnvrcox1-2605:59c8:5000:8874::1-10ms-1h-2025-03-04-02-00-00.txt,lincoln,active,50,1741056600,2025-03-04 02:50:00,32.22610949813355,27.417329939842663,0.44839333519157343,-0.08019713261648742
28,linear_regression,23.931289790143833,25.049258865103184,inside-out/active/lincoln/2025-03-04/ping-dnvrcox1-2605:59c8:5000:8874::1-10ms-1h-2025-03-04-02-00-00.txt,lincoln,active,51,1741056660,2025-03-04 02:51:00,27.417329939842663,23.931289790143833,0.3890863286796809,0.038273253226524306
29,linear_regression,27.88490447197145,26.562935513262346,inside-out/active/lincoln/2025-03-04/ping-dnvrcox1-2605:59c8:5000:8874::1-10ms-1h-2025-03-04-02-00-00.txt,lincoln,active,52,1741056720,2025-03-04 02:52:00,23.931289790143833,27.88490447197145,0.35266716581717855,0.049458348898020255
30,linear_regression,23.856429078853896,24.67604055847187,inside-out/active/lincoln/2025-03-04/ping-dnvrcox1-2605:59c8:5000:8874::1-10ms-1h-2025-03-04-02-00-00.txt,lincoln,active,53,1741056780,2025-03-04 02:53:00,27.88490447197145,23.856429078853896,0.3791985200396008,-0.07226474561008556
31,linear_regression,27.85750845002414,24.957305355812423,inside-out/active/lincoln/2025-03-04/ping-dnvrcox1-2605:59c8:5000:8874::1-10ms-1h-2025-03-04-02-00-00.txt,lincoln,active,54,1741056840,2025-03-04 02:54:00,23.856429078853896,27.85750845002414,0.359774542556778,0.04218643683374912
32,linear_regression,25.46674280493376,30.48167992569506,inside-out/active/lincoln/2025-03-04/ping-dnvrcox1-2605:59c8:5000:8874::1-10ms-1h-2025-03-04-02-00-00.txt,lincoln,active,55,1741056900,2025-03-04 02:55:00,27.85750845002414,25.46674280493376,0.39691897863749376,0.05347349177330896
33,linear_regression,26.813987518829354,23.343375746488164,inside-out/active/lincoln/2025-03-04/ping-dnvrcox1-2605:59c8:5000:8874::1-10ms-1h-2025-03-04-02-00-00.txt,lincoln,active,56,1741056960,2025-03-04 02:56:00,25.46674280493376,26.813987518829354,0.35604672916292585,-0.03068351251667578
34,linear_regression,26.92269855595668,23.696399561282306,inside-out/active/lincoln/2025-03-04/ping-dnvrcox1-2605:59c8:5000:8874::1-10ms-1h-2025-03-04-02-00-00.txt,lincoln,active,57,1741057020,2025-03-04 02:57:00,26.813987518829354,26.92269855595668,0.3495532456062378,-0.058783321941216604
35,linear_regression,25.305642420122364,23.79358738235169,inside-out/active/lincoln/2025-03-04/ping-dnvrcox1-2605:59c8:5000:8874::1-10ms-1h-2025-03-04-02-00-00.txt,lincoln,active,58,1741057080,2025-03-04 02:58:00,26.92269855595668,25.305642420122364,0.3541462898881071,0.011964033588466982
36,linear_regression,29.03862609935821,32.56684762411169,inside-out/active/manila/2025-03-15/ping-mnlaphl1-100.64.0.1-10ms-1h-2025-03-15-09-00-00.txt,manila,active,50,1742032200,2025-03-15 09:50:00,34.23733705772812,29.03862609935821,0.38619704397701415,-0.00758345711828623
37,linear_regression,29.07390317700454,30.6480398827116,inside-out/active/manila/2025-03-15/ping-mnlaphl1-100.64.0.1-10ms-1h-2025-03-15-09-00-00.txt,manila,active,51,1742032260,2025-03-15 09:51:00,29.03862609935821,29.07390317700454,0.34325208162302606,0.019118675681977115
38,linear_regression,33.34923469387755,33.24031567808561,inside-out/active/manila/2025-03-15/ping-mnlaphl1-100.64.0.1-10ms-1h-2025-03-15-09-00-00.txt,manila,active,52,1742032320,2025-03-15 09:52:00,29.07390317700454,33.34923469387755,0.36247941328816674,0.04579356804876089
39,linear_regression,26.081499649614575,32.943943257232604,inside-out/active/manila/2025-03-15/ping-mnlaphl1-100.64.0.1-10ms-1h-2025-03-15-09-00-00.txt,manila,active,53,1742032380,2025-03-15 09:53:00,33.34923469387755,26.081499649614575,0.3917248401659341,-0.03612334801762107
40,linear_regression,28.263901188534145,28.480860594332626,inside-out/active/manila/2025-03-15/ping-mnlaphl1-100.64.0.1-10ms-1h-2025-03-15-09-00-00.txt,manila,active,54,1742032440,2025-03-15 09:54:00,26.081499649614575,28.263901188534145,0.3359619509824738,-0.02261326538737163
41,linear_regression,29.6776123046875,30.288472890795674,inside-out/active/manila/2025-03-15/ping-mnlaphl1-100.64.0.1-10ms-1h-2025-03-15-09-00-00.txt,manila,active,55,1742032500,2025-03-15 09:55:00,28.263901188534145,29.6776123046875,0.36510899285373194,0.0008537721204595616
42,linear_regression,27.404427592954992,31.22716022942768,inside-out/active/manila/2025-03-15/ping-mnlaphl1-100.64.0.1-10ms-1h-2025-03-15-09-00-00.txt,manila,active,56,1742032560,2025-03-15 09:56:00,29.6776123046875,27.404427592954992,0.3847690061728239,0.029996842437638227
43,linear_regression,30.366635249764375,29.665333856079087,inside-out/active/manila/2025-03-15/ping-mnlaphl1-100.64.0.1-10ms-1h-2025-03-15-09-00-00.txt,manila,active,57,1742032620,2025-03-15 09:57:00,27.404427592954992,30.366635249764375,0.34018490891382075,0.016913827655310576
44,linear_regression,28.736724738675957,29.579123960436846,inside-out/active/manila/2025-03-15/ping-mnlaphl1-100.64.0.1-10ms-1h-2025-03-15-09-00-00.txt,manila,active,58,1742032680,2025-03-15 09:58:00,30.366635249764375,28.736724738675957,0.36497673324552427,-0.02446089475378166
45,linear_regression,30.44886814469078,29.20134351978777,inside-out/active/minneapolis/2025-03-29/ping-mplsmnx1-2605:59ca:1300:1efc::1-10ms-1h-2025-03-29-01-07-29.txt,minneapolis,active,51,1743213480,2025-03-29 01:58:00,28.490750915750915,30.44886814469078,0.3343966530167866,-0.015105740181268867
46,linear_regression,36.18410404624277,31.251100623798266,inside-out/active/minneapolis/2025-03-29/ping-mplsmnx1-2605:59ca:1300:1efc::1-10ms-1h-2025-03-29-01-07-29.txt,minneapolis,active,52,1743213540,2025-03-29 01:59:00,30.44886814469078,36.18410404624277,0.35606295881546624,0.0037972721636700957
47,linear_regression,34.45661118816459,34.950312629764085,inside-out/active/minneapolis/2025-03-29/ping-mplsmnx1-2605:59ca:1300:1efc::1-10ms-1h-2025-03-29-01-07-29.txt,minneapolis,active,53,1743213600,2025-03-29 02:00:00,36.18410404624277,34.45661118816459,0.4315067410329985,0.02725497852401404
48,linear_regression,30.177841179267713,31.224942399618158,inside-out/active/minneapolis/2025-03-29/ping-mplsmnx1-2605:59ca:1300:1efc::1-10ms-1h-2025-03-29-01-07-29.txt,minneapolis,active,54,1743213660,2025-03-29 02:01:00,34.45661118816459,30.177841179267713,0.369957098643122,-0.01684556922353675
49,linear_regression,41.61684210526316,30.22722355555743,inside-out/active/minneapolis/2025-03-29/ping-mplsmnx1-2605:59ca:1300:1efc::1-10ms-1h-2025-03-29-01-07-29.txt,minneapolis,active,55,1743213720,2025-03-29 02:02:00,30.177841179267713,41.61684210526316,0.33173287385753175,0.005203405865657484
50,linear_regression,39.74232492336713,35.42635539065668,inside-out/active/minneapolis/2025-03-29/ping-mplsmnx1-2605:59ca:1300:1efc::1-10ms-1h-2025-03-29-01-07-29.txt,minneapolis,active,56,1743213780,2025-03-29 02:03:00,41.61684210526316,39.74232492336713,0.45564320246734596,0.02869144804628687
51,linear_regression,28.917336255174092,33.56851360822475,inside-out/active/minneapolis/2025-03-29/ping-mplsmnx1-2605:59ca:1300:1efc::1-10ms-1h-2025-03-29-01-07-29.txt,minneapolis,active,57,1743213840,2025-03-29 02:04:00,39.74232492336713,28.917336255174092,0.41132107967786696,-0.015240983083306903
52,linear_regression,37.658891846116624,30.034744592368952,inside-out/active/minneapolis/2025-03-29/ping-mplsmnx1-2605:59ca:1300:1efc::1-10ms-1h-2025-03-29-01-07-29.txt,minneapolis,active,58,1743213900,2025-03-29 02:05:00,28.917336255174092,37.658891846116624,0.32739322627785183,0.009008284404407596
53,linear_regression,33.7273163706193,35.77002825238742,inside-out/active/minneapolis/2025-03-29/ping-mplsmnx1-2605:59ca:1300:1efc::1-10ms-1h-2025-03-29-01-07-29.txt,minneapolis,active,59,1743213960,2025-03-29 02:06:00,37.658891846116624,33.7273163706193,0.4104209470855513,0.006569986379296511
54,linear_regression,29.395587506197323,26.87880572277936,inside-out/active/seattle/2025-03-06/ping-sttlwax1-2605:59c8:900:facf::1-10ms-1h-2025-03-06-17-00-00.txt,seattle,active,50,1741283400,2025-03-06 17:50:00,27.105559481743228,29.395587506197323,0.3720945080128424,-0.015145476285372661
55,linear_regression,30.33496846531184,31.742321500256367,inside-out/active/seattle/2025-03-06/ping-sttlwax1-2605:59c8:900:facf::1-10ms-1h-2025-03-06-17-00-00.txt,seattle,active,51,1741283460,2025-03-06 17:51:00,29.395587506197323,30.33496846531184,0.40230868584139773,0.029432993824685116
56,linear_regression,30.373813459268003,27.776421980604937,inside-out/active/seattle/2025-03-06/ping-sttlwax1-2605:59c8:900:facf::1-10ms-1h-2025-03-06-17-00-00.txt,seattle,active,52,1741283520,2025-03-06 17:52:00,30.33496846531184,30.373813459268003,0.3684651223698003,-0.022531847133757887
57,linear_regression,29.887796454064013,27.56671103136614,inside-out/active/seattle/2025-03-06/ping-sttlwax1-2605:59c8:900:facf::1-10ms-1h-2025-03-06-17-00-00.txt,seattle,active,53,1741283580,2025-03-06 17:53:00,30.373813459268003,29.887796454064013,0.34324328236186646,-0.01235059760956192
58,linear_regression,29.045368171021376,28.29178400116507,inside-out/active/seattle/2025-03-06/ping-sttlwax1-2605:59c8:900:facf::1-10ms-1h-2025-03-06-17-00-00.txt,seattle,active,54,1741283640,2025-03-06 17:54:00,29.887796454064013,29.045368171021376,0.3328810504475434,-0.013220312621510244
59,linear_regression,28.10347123157394,28.833901700476417,inside-out/active/seattle/2025-03-06/ping-sttlwax1-2605:59c8:900:facf::1-10ms-1h-2025-03-06-17-00-00.txt,seattle,active,55,1741283700,2025-03-06 17:55:00,29.045368171021376,28.10347123157394,0.3368753324098788,0.012355333124804524
60,linear_regression,28.3486216730038,29.371852034761105,inside-out/active/seattle/2025-03-06/ping-sttlwax1-2605:59c8:900:facf::1-10ms-1h-2025-03-06-17-00-00.txt,seattle,active,56,1741283760,2025-03-06 17:56:00,28.10347123157394,28.3486216730038,0.3368318424847339,0.011051022807430089
61,linear_regression,26.200651139494116,28.362455247865,inside-out/active/seattle/2025-03-06/ping-sttlwax1-2605:59c8:900:facf::1-10ms-1h-2025-03-06-17-00-00.txt,seattle,active,57,1741283820,2025-03-06 17:57:00,28.3486216730038,26.200651139494116,0.3372881494258859,0.0
62,linear_regression,27.312548929311536,28.11337442702643,inside-out/active/seattle/2025-03-06/ping-sttlwax1-2605:59c8:900:facf::1-10ms-1h-2025-03-06-17-00-00.txt,seattle,active,58,1741283880,2025-03-06 17:58:00,26.200651139494116,27.312548929311536,0.34272104517408614,0.03449665511404865
63,linear_regression,28.38119390523899,30.240221998676134,inside-out/active/slc/2025-03-04/ping-sltyutx1-2605:59c0:3000:543a::1-10ms-1h-2025-03-04-15-00-00.txt,slc,active,50,1741103400,2025-03-04 15:50:00,29.97415898864367,28.38119390523899,0.3357220777925467,-0.00028577552332631484
64,linear_regression,29.659889130865174,28.311306927986152,inside-out/active/slc/2025-03-04/ping-sltyutx1-2605:59c0:3000:543a::1-10ms-1h-2025-03-04-15-00-00.txt,slc,active,51,1741103460,2025-03-04 15:51:00,28.38119390523899,29.659889130865174,0.3326068176343231,-0.020882164926486313
65,linear_regression,25.441046139789854,28.664036519599904,inside-out/active/slc/2025-03-04/ping-sltyutx1-2605:59c0:3000:543a::1-10ms-1h-2025-03-04-15-00-00.txt,slc,active,52,1741103520,2025-03-04 15:52:00,29.659889130865174,25.441046139789854,0.3465721006641386,-0.0443862430215729
66,linear_regression,36.824260834345885,30.61605974764825,inside-out/active/slc/2025-03-04/ping-sltyutx1-2605:59c0:3000:543a::1-10ms-1h-2025-03-04-15-00-00.txt,slc,active,53,1741103580,2025-03-04 15:53:00,25.441046139789854,36.824260834345885,0.3561183657499913,0.07637130801687764
67,linear_regression,28.40217971530249,33.20066882172978,inside-out/active/slc/2025-03-04/ping-sltyutx1-2605:59c0:3000:543a::1-10ms-1h-2025-03-04-15-00-00.txt,slc,active,54,1741103640,2025-03-04 15:54:00,36.824260834345885,28.40217971530249,0.4631921940487298,-0.031112967216538
68,linear_regression,31.84558505408063,28.30328082095366,inside-out/active/slc/2025-03-04/ping-sltyutx1-2605:59c0:3000:543a::1-10ms-1h-2025-03-04-15-00-00.txt,slc,active,55,1741103700,2025-03-04 15:55:00,28.40217971530249,31.84558505408063,0.3862137115082027,0.023457862728062606
69,linear_regression,26.574046490634167,29.565826822181407,inside-out/active/slc/2025-03-04/ping-sltyutx1-2605:59c0:3000:543a::1-10ms-1h-2025-03-04-15-00-00.txt,slc,active,56,1741103760,2025-03-04 15:56:00,31.84558505408063,26.574046490634167,0.37168157705198257,-0.05069219643226108
70,linear_regression,38.57746012015745,27.75603450075141,inside-out/active/slc/2025-03-04/ping-sltyutx1-2605:59c0:3000:543a::1-10ms-1h-2025-03-04-15-00-00.txt,slc,active,57,1741103820,2025-03-04 15:57:00,26.574046490634167,38.57746012015745,0.3540098570328915,0.051313160148444226
71,linear_regression,33.62115628970775,34.920824073553376,inside-out/active/slc/2025-03-04/ping-sltyutx1-2605:59c0:3000:543a::1-10ms-1h-2025-03-04-15-00-00.txt,slc,active,58,1741103880,2025-03-04 15:58:00,38.57746012015745,33.62115628970775,0.4597452701249895,-0.009621418113365365
72,linear_regression,47.807699805068225,52.107048925361596,inside-out/active/ulukhaktok/2025-03-16/ping-sttlwax1-2605:59c8:600:e773::1-10ms-2h-2025-03-16-12-00-00.txt,ulukhaktok,active,101,1742132460,2025-03-16 13:41:00,44.16263301163078,47.807699805068225,0.35073801196435467,0.012865401840240986
73,linear_regression,43.33035672100166,47.96696382742812,inside-out/active/ulukhaktok/2025-03-16/ping-sttlwax1-2605:59c8:600:e773::1-10ms-2h-2025-03-16-12-00-00.txt,ulukhaktok,active,102,1742132520,2025-03-16 13:42:00,47.807699805068225,43.33035672100166,0.3601622709223839,-0.0005688744412839508
74,linear_regression,51.98465621230398,46.95849797678238,inside-out/active/ulukhaktok/2025-03-16/ping-sttlwax1-2605:59c8:600:e773::1-10ms-2h-2025-03-16-12-00-00.txt,ulukhaktok,active,103,1742132580,2025-03-16 13:43:00,43.33035672100166,51.98465621230398,0.3378529401366223,-0.025933107125545307
75,linear_regression,50.89078979945531,49.84395833835879,inside-out/active/ulukhaktok/2025-03-16/ping-sttlwax1-2605:59c8:600:e773::1-10ms-2h-2025-03-16-12-00-00.txt,ulukhaktok,active,104,1742132640,2025-03-16 13:44:00,51.98465621230398,50.89078979945531,0.39471243098736836,0.0037654222079795963
76,linear_regression,49.52559171597633,47.53048336695065,inside-out/active/ulukhaktok/2025-03-16/ping-sttlwax1-2605:59c8:600:e773::1-10ms-2h-2025-03-16-12-00-00.txt,ulukhaktok,active,105,1742132700,2025-03-16 13:45:00,50.89078979945531,49.52559171597633,0.38836276589505486,0.02416042522348394
77,linear_regression,62.62781954887218,49.16382753804646,inside-out/active/ulukhaktok/2025-03-16/ping-sttlwax1-2605:59c8:600:e773::1-10ms-2h-2025-03-16-12-00-00.txt,ulukhaktok,active,106,1742132760,2025-03-16 13:46:00,49.52559171597633,62.62781954887218,0.3350137416668608,0.00588235294117645
78,linear_regression,42.11609336609337,51.77327409930149,inside-out/active/ulukhaktok/2025-03-16/ping-sttlwax1-2605:59c8:600:e773::1-10ms-2h-2025-03-16-12-00-00.txt,ulukhaktok,active,107,1742132820,2025-03-16 13:47:00,62.62781954887218,42.11609336609337,0.431465114674642,0.009515928837401821
79,linear_regression,49.01977267345489,47.56328886058327,inside-out/active/ulukhaktok/2025-03-16/ping-sttlwax1-2605:59c8:600:e773::1-10ms-2h-2025-03-16-12-00-00.txt,ulukhaktok,active,108,1742132880,2025-03-16 13:48:00,42.11609336609337,49.01977267345489,0.3403315729799232,-0.007758336084516371
80,linear_regression,68.49971516733919,49.76966947821347,inside-out/active/ulukhaktok/2025-03-16/ping-sttlwax1-2605:59c8:600:e773::1-10ms-2h-2025-03-16-12-00-00.txt,ulukhaktok,active,109,1742132940,2025-03-16 13:49:00,49.01977267345489,68.49971516733919,0.3866755097580868,-0.031425547504681184
81,linear_regression,47.50150730098917,50.9299363642931,inside-out/active/ulukhaktok/2025-03-16/ping-sttlwax1-2605:59c8:600:e773::1-10ms-2h-2025-03-16-12-00-00.txt,ulukhaktok,active,110,1742133000,2025-03-16 13:50:00,68.49971516733919,47.50150730098917,0.5148098471821448,-0.010634895250279719
82,linear_regression,41.26314601103864,48.48439323431376,inside-out/active/ulukhaktok/2025-03-16/ping-sttlwax1-2605:59c8:600:e773::1-10ms-2h-2025-03-16-12-00-00.txt,ulukhaktok,active,111,1742133060,2025-03-16 13:51:00,47.50150730098917,41.26314601103864,0.35880995495774876,-0.004415707301687499
83,linear_regression,43.51293330145828,46.13200954278727,inside-out/active/ulukhaktok/2025-03-16/ping-sttlwax1-2605:59c8:600:e773::1-10ms-2h-2025-03-16-12-00-00.txt,ulukhaktok,active,112,1742133120,2025-03-16 13:52:00,41.26314601103864,43.51293330145828,0.3661591217366305,0.03913218159903564
84,linear_regression,59.008460276540895,45.32112701707956,inside-out/active/ulukhaktok/2025-03-16/ping-sttlwax1-2605:59c8:600:e773::1-10ms-2h-2025-03-16-12-00-00.txt,ulukhaktok,active,113,1742133180,2025-03-16 13:53:00,43.51293330145828,59.008460276540895,0.3528356083638613,-0.01079339508658883
85,linear_regression,66.24218190498925,49.858433535882796,inside-out/active/ulukhaktok/2025-03-16/ping-sttlwax1-2605:59c8:600:e773::1-10ms-2h-2025-03-16-12-00-00.txt,ulukhaktok,active,114,1742133240,2025-03-16 13:54:00,59.008460276540895,66.24218190498925,0.47758941354202983,-0.029350273399807003
86,linear_regression,44.755442978322336,48.36730124353198,inside-out/active/ulukhaktok/2025-03-16/ping-sttlwax1-2605:59c8:600:e773::1-10ms-2h-2025-03-16-12-00-00.txt,ulukhaktok,active,115,1742133300,2025-03-16 13:55:00,66.24218190498925,44.755442978322336,0.4632209743918107,0.00569665321623547
87,linear_regression,52.01917613636363,46.669537608388055,inside-out/active/ulukhaktok/2025-03-16/ping-sttlwax1-2605:59c8:600:e773::1-10ms-2h-2025-03-16-12-00-00.txt,ulukhaktok,active,116,1742133360,2025-03-16 13:56:00,44.755442978322336,52.01917613636363,0.32756610671264313,-0.0025196850393700565
88,linear_regression,70.2288035450517,48.86065673013218,inside-out/active/ulukhaktok/2025-03-16/ping-sttlwax1-2605:59c8:600:e773::1-10ms-2h-2025-03-16-12-00-00.txt,ulukhaktok,active,117,1742133420,2025-03-16 13:57:00,52.01917613636363,70.2288035450517,0.3861489492067471,-0.0011851149561508123
89,linear_regression,57.69249938317296,53.72674233426369,inside-out/active/ulukhaktok/2025-03-16/ping-sttlwax1-2605:59c8:600:e773::1-10ms-2h-2025-03-16-12-00-00.txt,ulukhaktok,active,118,1742133480,2025-03-16 13:58:00,70.2288035450517,57.69249938317296,0.5082524318181182,0.027454110135674448
90,linear_regression,51.215766423357664,47.24166477032122,inside-out/active/ulukhaktok/2025-03-28/ping-sttlwax1-2605:59c8:600:e773::1-10ms-2h-2025-03-28-12-00-00.txt,ulukhaktok,active,101,1743169260,2025-03-28 13:41:00,40.09441024378232,51.215766423357664,0.3335041887985934,0.014240634355530468
91,linear_regression,54.13256547041707,50.92175729978044,inside-out/active/ulukhaktok/2025-03-28/ping-sttlwax1-2605:59c8:600:e773::1-10ms-2h-2025-03-28-12-00-00.txt,ulukhaktok,active,102,1743169320,2025-03-28 13:42:00,51.215766423357664,54.13256547041707,0.40791885827138535,-0.0007304601899196239
92,linear_regression,46.421944713870026,48.84018456265767,inside-out/active/ulukhaktok/2025-03-28/ping-sttlwax1-2605:59c8:600:e773::1-10ms-2h-2025-03-28-12-00-00.txt,ulukhaktok,active,103,1743169380,2025-03-28 13:43:00,54.13256547041707,46.421944713870026,0.42312505029132913,-0.0062627084180562065
93,linear_regression,49.86113977485929,46.61412016302347,inside-out/active/ulukhaktok/2025-03-28/ping-sttlwax1-2605:59c8:600:e773::1-10ms-2h-2025-03-28-12-00-00.txt,ulukhaktok,active,104,1743169440,2025-03-28 13:44:00,46.421944713870026,49.86113977485929,0.3315217413709997,-0.0011328693963426062
94,linear_regression,54.36197315752296,48.126791521812265,inside-out/active/ulukhaktok/2025-03-28/ping-sttlwax1-2605:59c8:600:e773::1-10ms-2h-2025-03-28-12-00-00.txt,ulukhaktok,active,105,1743169500,2025-03-28 13:45:00,49.86113977485929,54.36197315752296,0.35716980477703464,-0.02237851662404089
95,linear_regression,41.86068274051086,51.086205902989605,inside-out/active/ulukhaktok/2025-03-28/ping-sttlwax1-2605:59c8:600:e773::1-10ms-2h-2025-03-28-12-00-00.txt,ulukhaktok,active,106,1743169560,2025-03-28 13:46:00,54.36197315752296,41.86068274051086,0.38729314967506623,-0.008389394538979023
96,linear_regression,41.343274021352315,48.49378818954574,inside-out/active/ulukhaktok/2025-03-28/ping-sttlwax1-2605:59c8:600:e773::1-10ms-2h-2025-03-28-12-00-00.txt,ulukhaktok,active,107,1743169620,2025-03-28 13:47:00,41.86068274051086,41.343274021352315,0.33338669357639183,0.010472440944881867
97,linear_regression,55.00292682926829,46.94134814655263,inside-out/active/ulukhaktok/2025-03-28/ping-sttlwax1-2605:59c8:600:e773::1-10ms-2h-2025-03-28-12-00-00.txt,ulukhaktok,active,108,1743169680,2025-03-28 13:48:00,41.343274021352315,55.00292682926829,0.35427775851193477,0.000474270808631716
98,linear_regression,43.581672100605495,49.01720652646327,inside-out/active/ulukhaktok/2025-03-28/ping-sttlwax1-2605:59c8:600:e773::1-10ms-2h-2025-03-28-12-00-00.txt,ulukhaktok,active,109,1743169740,2025-03-28 13:49:00,55.00292682926829,43.581672100605495,0.4594264428982016,0.016314779270633406
99,linear_regression,45.97213965557915,44.966620364633854,inside-out/active/ulukhaktok/2025-03-28/ping-sttlwax1-2605:59c8:600:e773::1-10ms-2h-2025-03-28-12-00-00.txt,ulukhaktok,active,110,1743169800,2025-03-28 13:50:00,43.581672100605495,45.97213965557915,0.3638152849095672,-0.02165120152272193
100,linear_regression,52.499707531074826,46.165415279814624,inside-out/active/ulukhaktok/2025-03-28/ping-sttlwax1-2605:59c8:600:e773::1-10ms-2h-2025-03-28-12-00-00.txt,ulukhaktok,active,111,1743169860,2025-03-28 13:51:00,45.97213965557915,52.499707531074826,0.3596920196160345,-0.006649251959154556
101,linear_regression,47.40269579363235,47.62042015855695,inside-out/active/ulukhaktok/2025-03-28/ping-sttlwax1-2605:59c8:600:e773::1-10ms-2h-2025-03-28-12-00-00.txt,ulukhaktok,active,112,1743169920,2025-03-28 13:52:00,52.499707531074826,47.40269579363235,0.4106991838229524,0.02587844254510918
102,linear_regression,58.19203992210321,46.66887314692576,inside-out/active/ulukhaktok/2025-03-28/ping-sttlwax1-2605:59c8:600:e773::1-10ms-2h-2025-03-28-12-00-00.txt,ulukhaktok,active,113,1743169980,2025-03-28 13:53:00,47.40269579363235,58.19203992210321,0.3484762068811049,-0.020877817319098435
103,linear_regression,47.77913669064748,48.96882228289178,inside-out/active/ulukhaktok/2025-03-28/ping-sttlwax1-2605:59c8:600:e773::1-10ms-2h-2025-03-28-12-00-00.txt,ulukhaktok,active,114,1743170040,2025-03-28 13:54:00,58.19203992210321,47.77913669064748,0.4072854365166714,0.015182995045548875
104,linear_regression,60.57354884379424,48.23630809329188,inside-out/active/ulukhaktok/2025-03-28/ping-sttlwax1-2605:59c8:600:e773::1-10ms-2h-2025-03-28-12-00-00.txt,ulukhaktok,active,115,1743170100,2025-03-28 13:55:00,47.77913669064748,60.57354884379424,0.3514457245122789,-0.016273584905660332
105,linear_regression,50.2937984496124,51.04172074801318,inside-out/active/ulukhaktok/2025-03-28/ping-sttlwax1-2605:59c8:600:e773::1-10ms-2h-2025-03-28-12-00-00.txt,ulukhaktok,active,116,1743170160,2025-03-28 13:56:00,60.57354884379424,50.2937984496124,0.40456354130696354,-0.004662188858158833
106,linear_regression,42.33,48.49232308065257,inside-out/active/ulukhaktok/2025-03-28/ping-sttlwax1-2605:59c8:600:e773::1-10ms-2h-2025-03-28-12-00-00.txt,ulukhaktok,active,117,1743170220,2025-03-28 13:57:00,50.2937984496124,42.33,0.3606046452383991,0.002577319587628857
107,linear_regression,50.53891943581162,50.86774548681569,inside-out/active/ulukhaktok/2025-03-28/ping-sttlwax1-2605:59c8:600:e773::1-10ms-2h-2025-03-28-12-00-00.txt,ulukhaktok,active,118,1743170280,2025-03-28 13:58:00,42.33,50.53891943581162,0.3519494066022317,0.04781036560867813
108,linear_regression,48.482162505289885,31.66612206764694,inside-out/active/victoria/2025-03-26/ping-sttlwax1-2605:59c8:200:4bde::1-10ms-1h-2025-03-26-03-00-00.txt,victoria,active,50,1742961000,2025-03-26 03:50:00,29.164689150751727,48.482162505289885,0.3332555604089388,-0.009433962264151052
109,linear_regression,34.410167102879,36.61321472646523,inside-out/active/victoria/2025-03-26/ping-sttlwax1-2605:59c8:200:4bde::1-10ms-1h-2025-03-26-03-00-00.txt,victoria,active,51,1742961060,2025-03-26 03:51:00,48.482162505289885,34.410167102879,0.524435539369261,0.015211502396332621
110,linear_regression,54.26663977410246,31.817301865739864,inside-out/active/victoria/2025-03-26/ping-sttlwax1-2605:59c8:200:4bde::1-10ms-1h-2025-03-26-03-00-00.txt,victoria,active,52,1742961120,2025-03-26 03:52:00,34.410167102879,54.26663977410246,0.39622092081060206,-0.019568936024632055
111,linear_regression,31.6692652712516,37.7065428316273,inside-out/active/victoria/2025-03-26/ping-sttlwax1-2605:59c8:200:4bde::1-10ms-1h-2025-03-26-03-00-00.txt,victoria,active,53,1742961180,2025-03-26 03:53:00,54.26663977410246,31.6692652712516,0.4701045570961427,-0.015220804040679825
112,linear_regression,27.7909751924722,31.484724607544194,inside-out/active/victoria/2025-03-26/ping-sttlwax1-2605:59c8:200:4bde::1-10ms-1h-2025-03-26-03-00-00.txt,victoria,active,54,1742961240,2025-03-26 03:54:00,31.6692652712516,27.7909751924722,0.37842284043962743,0.0384062435818443
113,linear_regression,34.98300042498938,34.71474285500881,inside-out/active/victoria/2025-03-26/ping-sttlwax1-2605:59c8:200:4bde::1-10ms-1h-2025-03-26-03-00-00.txt,victoria,active,55,1742961300,2025-03-26 03:55:00,27.7909751924722,34.98300042498938,0.3767963540782626,0.02011735121542335
114,linear_regression,34.001104135094174,31.486161582062778,inside-out/active/victoria/2025-03-26/ping-sttlwax1-2605:59c8:200:4bde::1-10ms-1h-2025-03-26-03-00-00.txt,victoria,active,56,1742961360,2025-03-26 03:56:00,34.98300042498938,34.001104135094174,0.40852795593738894,-0.0038395904436860917
115,linear_regression,34.9590027700831,33.51741335925908,inside-out/active/victoria/2025-03-26/ping-sttlwax1-2605:59c8:200:4bde::1-10ms-1h-2025-03-26-03-00-00.txt,victoria,active,57,1742961420,2025-03-26 03:57:00,34.001104135094174,34.9590027700831,0.3950683896170036,0.010284979644311076
116,linear_regression,34.16896630758652,32.732683914240624,inside-out/active/victoria/2025-03-26/ping-sttlwax1-2605:59c8:200:4bde::1-10ms-1h-2025-03-26-03-00-00.txt,victoria,active,58,1742961480,2025-03-26 03:58:00,34.9590027700831,34.16896630758652,0.34171676007910734,-0.004351548009701833
117,linear_regression,24.821327414922848,28.204150126883178,inside-out/active/victoria_hp1_proto2/2025-03-29/ping-sttlwax1-2605:59c8:200:685b::1-10ms-1h-2025-03-29-03-00-00.txt,victoria_hp1_proto2,active,50,1743220200,2025-03-29 03:50:00,27.12456361724501,24.821327414922848,0.3808147606508841,-0.00415317471490928
118,linear_regression,33.07646937936703,27.20637020637514,inside-out/active/victoria_hp1_proto2/2025-03-29/ping-sttlwax1-2605:59c8:200:685b::1-10ms-1h-2025-03-29-03-00-00.txt,victoria_hp1_proto2,active,51,1743220260,2025-03-29 03:51:00,24.821327414922848,33.07646937936703,0.34750695161767614,-0.0053123671908201775
119,linear_regression,24.503920280332895,29.730662432972167,inside-out/active/victoria_hp1_proto2/2025-03-29/ping-sttlwax1-2605:59c8:200:685b::1-10ms-1h-2025-03-29-03-00-00.txt,victoria_hp1_proto2,active,52,1743220320,2025-03-29 03:52:00,33.07646937936703,24.503920280332895,0.43913518430773585,-0.017140468227424766
120,linear_regression,25.097710583153347,28.488393610292405,inside-out/active/victoria_hp1_proto2/2025-03-29/ping-sttlwax1-2605:59c8:200:685b::1-10ms-1h-2025-03-29-03-00-00.txt,victoria_hp1_proto2,active,53,1743220380,2025-03-29 03:53:00,24.503920280332895,25.097710583153347,0.3672988164206165,0.032832027112899786
121,linear_regression,34.91133387888707,29.77211002655531,inside-out/active/victoria_hp1_proto2/2025-03-29/ping-sttlwax1-2605:59c8:200:685b::1-10ms-1h-2025-03-29-03-00-00.txt,victoria_hp1_proto2,active,54,1743220440,2025-03-29 03:54:00,25.097710583153347,34.91133387888707,0.3655377981284289,0.012231546010524785
122,linear_regression,28.27106630638121,30.631920986219484,inside-out/active/victoria_hp1_proto2/2025-03-29/ping-sttlwax1-2605:59c8:200:685b::1-10ms-1h-2025-03-29-03-00-00.txt,victoria_hp1_proto2,active,55,1743220500,2025-03-29 03:55:00,34.91133387888707,28.27106630638121,0.48224778245328137,-0.04118148253337117
123,linear_regression,36.45605672641324,27.495489224143967,inside-out/active/victoria_hp1_proto2/2025-03-29/ping-sttlwax1-2605:59c8:200:685b::1-10ms-1h-2025-03-29-03-00-00.txt,victoria_hp1_proto2,active,56,1743220560,2025-03-29 03:56:00,28.27106630638121,36.45605672641324,0.37696942431971586,-0.0072580082350479636
124,linear_regression,31.790010256410255,29.547840009152424,inside-out/active/victoria_hp1_proto2/2025-03-29/ping-sttlwax1-2605:59c8:200:685b::1-10ms-1h-2025-03-29-03-00-00.txt,victoria_hp1_proto2,active,57,1743220620,2025-03-29 03:57:00,36.45605672641324,31.790010256410255,0.4095293882331424,-0.03079317812669191
125,linear_regression,33.779506172839504,30.316294754084083,inside-out/active/victoria_hp1_proto2/2025-03-29/ping-sttlwax1-2605:59c8:200:685b::1-10ms-1h-2025-03-29-03-00-00.txt,victoria_hp1_proto2,active,58,1743220680,2025-03-29 03:58:00,31.790010256410255,33.779506172839504,0.3750279025871774,0.00934769355821985
126,linear_regression,73.92389807162535,77.93831444103853,inside-out/active/zambia/2025-03-29/ping--100.64.0.1-10ms-1h-2025-03-29-13-00-00.txt,zambia,active,51,1743256260,2025-03-29 13:51:00,88.54443402859151,73.92389807162535,0.42606436850475,-0.00787339579560653
127,linear_regression,81.17642330877428,70.18572340268292,inside-out/active/zambia/2025-03-29/ping--100.64.0.1-10ms-1h-2025-03-29-13-00-00.txt,zambia,active,52,1743256320,2025-03-29 13:52:00,73.92389807162535,81.17642330877428,0.37435296634544807,-0.017598504905777856
128,linear_regression,74.6619462933211,72.98901026674866,inside-out/active/zambia/2025-03-29/ping--100.64.0.1-10ms-1h-2025-03-29-13-00-00.txt,zambia,active,53,1743256380,2025-03-29 13:53:00,81.17642330877428,74.6619462933211,0.3631794460555547,-0.025568615478553047
129,linear_regression,56.16163177925785,74.30623435690359,inside-out/active/zambia/2025-03-29/ping--100.64.0.1-10ms-1h-2025-03-29-13-00-00.txt,zambia,active,54,1743256440,2025-03-29 13:54:00,74.6619462933211,56.16163177925785,0.3453818225432331,0.009172225591267402
130,linear_regression,79.60870066928226,72.67589271086763,inside-out/active/zambia/2025-03-29/ping--100.64.0.1-10ms-1h-2025-03-29-13-00-00.txt,zambia,active,55,1743256500,2025-03-29 13:55:00,56.16163177925785,79.60870066928226,0.3370670620124208,0.032822085889570585
131,linear_regression,53.437992495309565,68.41796534191235,inside-out/active/zambia/2025-03-29/ping--100.64.0.1-10ms-1h-2025-03-29-13-00-00.txt,zambia,active,56,1743256560,2025-03-29 13:56:00,79.60870066928226,53.437992495309565,0.43704268404008656,-0.008143322475570036
132,linear_regression,62.597924440298506,62.75167963358399,inside-out/active/zambia/2025-03-29/ping--100.64.0.1-10ms-1h-2025-03-29-13-00-00.txt,zambia,active,57,1743256620,2025-03-29 13:57:00,53.437992495309565,62.597924440298506,0.3587069758308803,0.0007030700726505801
133,linear_regression,63.551467847157504,65.32334700739739,inside-out/active/zambia/2025-03-29/ping--100.64.0.1-10ms-1h-2025-03-29-13-00-00.txt,zambia,active,58,1743256680,2025-03-29 13:58:00,62.597924440298506,63.551467847157504,0.38837959633368185,0.0016298020954598202
134,linear_regression,109.25,58.86788752875873,inside-out/active/zambia/2025-03-29/ping--100.64.0.1-10ms-1h-2025-03-29-13-00-00.txt,zambia,active,59,1743256740,2025-03-29 13:59:00,63.551467847157504,109.25,0.3849691997089046,-0.002491435689816246
135,linear_regression,54.76878764074365,46.37785007587081,inside-out/inactive/dallas/2025-03-08/ping-chcoilx1-fe80::200:5eff:fe00:101-10ms-1h-2025-03-08-15-00-00.txt,dallas,inactive,50,1741449000,2025-03-08 15:50:00,45.32272047832586,54.76878764074365,0.38019366053130693,-0.01224872108941577
136,linear_regression,30.00885470796092,49.45959666556155,inside-out/inactive/dallas/2025-03-08/ping-chcoilx1-fe80::200:5eff:fe00:101-10ms-1h-2025-03-08-15-00-00.txt,dallas,inactive,51,1741449060,2025-03-08 15:51:00,54.76878764074365,30.00885470796092,0.4888319696667378,0.11061946902654862
137,linear_regression,49.32494933117146,39.432782527132076,inside-out/inactive/dallas/2025-03-08/ping-chcoilx1-fe80::200:5eff:fe00:101-10ms-1h-2025-03-08-15-00-00.txt,dallas,inactive,52,1741449120,2025-03-08 15:52:00,30.00885470796092,49.32494933117146,0.3267029076272101,-0.08412829565086755
138,linear_regression,48.1205955899068,43.02454014598334,inside-out/inactive/dallas/2025-03-08/ping-chcoilx1-fe80::200:5eff:fe00:101-10ms-1h-2025-03-08-15-00-00.txt,dallas,inactive,53,1741449180,2025-03-08 15:53:00,49.32494933117146,48.1205955899068,0.4648418003160855,-0.09127101150103223
139,linear_regression,43.08895949166005,45.28001312590641,inside-out/inactive/dallas/2025-03-08/ping-chcoilx1-fe80::200:5eff:fe00:101-10ms-1h-2025-03-08-15-00-00.txt,dallas,inactive,54,1741449240,2025-03-08 15:54:00,48.1205955899068,43.08895949166005,0.48477246950362973,0.06695418552036203
140,linear_regression,45.092392412808486,45.08530151695595,inside-out/inactive/dallas/2025-03-08/ping-chcoilx1-fe80::200:5eff:fe00:101-10ms-1h-2025-03-08-15-00-00.txt,dallas,inactive,55,1741449300,2025-03-08 15:55:00,43.08895949166005,45.092392412808486,0.33014607138254504,-0.05143016215463847
141,linear_regression,54.85048367593712,44.684736767361755,inside-out/inactive/dallas/2025-03-08/ping-chcoilx1-fe80::200:5eff:fe00:101-10ms-1h-2025-03-08-15-00-00.txt,dallas,inactive,56,1741449360,2025-03-08 15:56:00,45.092392412808486,54.85048367593712,0.349412052810497,-0.025875296415120763
142,linear_regression,62.48030995430161,50.837709953135345,inside-out/inactive/dallas/2025-03-08/ping-chcoilx1-fe80::200:5eff:fe00:101-10ms-1h-2025-03-08-15-00-00.txt,dallas,inactive,57,1741449420,2025-03-08 15:57:00,54.85048367593712,62.48030995430161,0.4278131556135789,0.0010066438494060748
143,linear_regression,37.4730985306828,46.24061192551744,inside-out/inactive/dallas/2025-03-08/ping-chcoilx1-fe80::200:5eff:fe00:101-10ms-1h-2025-03-08-15-00-00.txt,dallas,inactive,58,1741449480,2025-03-08 15:58:00,62.48030995430161,37.4730985306828,0.43833612406957534,-0.013491743858236038
144,linear_regression,33.52689611217336,33.569327553479525,inside-out/inactive/denver/2025-03-07/ping-fe80::200:5eff:fe00:101-10ms-1h-2025-03-07-02-00-00.txt,denver,inactive,51,1741315860,2025-03-07 02:51:00,34.126453726453725,33.52689611217336,0.346595580877989,-0.023398756722777136
145,linear_regression,32.65306348153064,33.73889870807034,inside-out/inactive/denver/2025-03-07/ping-fe80::200:5eff:fe00:101-10ms-1h-2025-03-07-02-00-00.txt,denver,inactive,52,1741315920,2025-03-07 02:52:00,33.52689611217336,32.65306348153064,0.33853040367865644,0.011342155009451793
146,linear_regression,25.5314998844465,34.54627596453793,inside-out/inactive/denver/2025-03-07/ping-fe80::200:5eff:fe00:101-10ms-1h-2025-03-07-02-00-00.txt,denver,inactive,53,1741315980,2025-03-07 02:53:00,32.65306348153064,25.5314998844465,0.3458875874765166,0.03890306122448983
147,linear_regression,29.854749721913237,31.184549470046477,inside-out/inactive/denver/2025-03-07/ping-fe80::200:5eff:fe00:101-10ms-1h-2025-03-07-02-00-00.txt,denver,inactive,54,1741316040,2025-03-07 02:54:00,25.5314998844465,29.854749721913237,0.34032547185593326,0.04234599778679449
148,linear_regression,46.64715704924963,31.449305293877842,inside-out/inactive/denver/2025-03-07/ping-fe80::200:5eff:fe00:101-10ms-1h-2025-03-07-02-00-00.txt,denver,inactive,55,1741316100,2025-03-07 02:55:00,29.854749721913237,46.64715704924963,0.3798602953420993,-0.010642284343850728
149,linear_regression,29.687505112474437,34.5964669859095,inside-out/inactive/denver/2025-03-07/ping-fe80::200:5eff:fe00:101-10ms-1h-2025-03-07-02-00-00.txt,denver,inactive,56,1741316160,2025-03-07 02:56:00,46.64715704924963,29.687505112474437,0.5664980479736663,-0.047222017265549976
150,linear_regression,32.21944853715007,27.131394262665708,inside-out/inactive/denver/2025-03-07/ping-fe80::200:5eff:fe00:101-10ms-1h-2025-03-07-02-00-00.txt,denver,inactive,57,1741316220,2025-03-07 02:57:00,29.687505112474437,32.21944853715007,0.37132933971901494,-0.0392462453952962
151,linear_regression,32.59372693726937,31.265885812594206,inside-out/inactive/denver/2025-03-07/ping-fe80::200:5eff:fe00:101-10ms-1h-2025-03-07-02-00-00.txt,denver,inactive,58,1741316280,2025-03-07 02:58:00,32.21944853715007,32.59372693726937,0.38384379258635404,0.008279988867241905
152,linear_regression,33.919230769230765,31.400412909708393,inside-out/inactive/denver/2025-03-07/ping-fe80::200:5eff:fe00:101-10ms-1h-2025-03-07-02-00-00.txt,denver,inactive,59,1741316340,2025-03-07 02:59:00,32.59372693726937,33.919230769230765,0.36163448396454445,-0.007920655692540635
153,linear_regression,29.022873022659255,32.80823621357558,inside-out/inactive/ottawa/2025-03-11/ping-fe80::200:5eff:fe00:101-10ms-1h-2025-03-11-02-00-00.txt,ottawa,inactive,51,1741661460,2025-03-11 02:51:00,35.3710623461854,29.022873022659255,0.3823080510591413,-0.005499037668408091
154,linear_regression,35.43489422879441,32.29815360628709,inside-out/inactive/ottawa/2025-03-11/ping-fe80::200:5eff:fe00:101-10ms-1h-2025-03-11-02-00-00.txt,ottawa,inactive,52,1741661520,2025-03-11 02:52:00,29.022873022659255,35.43489422879441,0.33668252292729334,0.02168002788428025
155,linear_regression,35.50029523407845,34.384389232589456,inside-out/inactive/ottawa/2025-03-11/ping-fe80::200:5eff:fe00:101-10ms-1h-2025-03-11-02-00-00.txt,ottawa,inactive,53,1741661580,2025-03-11 02:53:00,35.43489422879441,35.50029523407845,0.3918566224089404,-0.012757401372807342
156,linear_regression,35.8703422053232,33.83431363631098,inside-out/inactive/ottawa/2025-03-11/ping-fe80::200:5eff:fe00:101-10ms-1h-2025-03-11-02-00-00.txt,ottawa,inactive,54,1741661640,2025-03-11 02:54:00,35.50029523407845,35.8703422053232,0.39384722275028256,0.004408985933235354
157,linear_regression,37.53561093247588,33.717243674283964,inside-out/inactive/ottawa/2025-03-11/ping-fe80::200:5eff:fe00:101-10ms-1h-2025-03-11-02-00-00.txt,ottawa,inactive,55,1741661700,2025-03-11 02:55:00,35.8703422053232,37.53561093247588,0.33804575572600565,-0.026218510405257467
158,linear_regression,31.99962353873588,33.7270495801713,inside-out/inactive/ottawa/2025-03-11/ping-fe80::200:5eff:fe00:101-10ms-1h-2025-03-11-02-00-00.txt,ottawa,inactive,56,1741661760,2025-03-11 02:56:00,37.53561093247588,31.99962353873588,0.3546149355826522,-0.014475025484199877
159,linear_regression,35.43240890688259,32.17777838718757,inside-out/inactive/ottawa/2025-03-11/ping-fe80::200:5eff:fe00:101-10ms-1h-2025-03-11-02-00-00.txt,ottawa,inactive,57,1741661820,2025-03-11 02:57:00,31.99962353873588,35.43240890688259,0.3305317687934006,-0.00805592543275635
160,linear_regression,35.705668103448275,34.64014496065647,inside-out/inactive/ottawa/2025-03-11/ping-fe80::200:5eff:fe00:101-10ms-1h-2025-03-11-02-00-00.txt,ottawa,inactive,58,1741661880,2025-03-11 02:58:00,35.43240890688259,35.705668103448275,0.36736344593958453,0.009556907037358897
161,linear_regression,46.8,36.87303592308308,inside-out/inactive/ottawa/2025-03-11/ping-fe80::200:5eff:fe00:101-10ms-1h-2025-03-11-02-00-00.txt,ottawa,inactive,59,1741661940,2025-03-11 02:59:00,35.705668103448275,46.8,0.3823308488002953,0.048335270390374
